SOURCE_URL,PAGE,KEYWORD,PRODUCT_LINK,PRODUCT_NAME,PRICE,PRODUCT_RATING,NUMBER_OF_RATINGS
https://www.amazon.com/s?k=nike&page=1,1,nike,https://www.amazon.com/gp/slredirect/picassoRedirect.html/ref=pa_sp_atf_aps_sr_pg1_1?ie=UTF8&adId=A07698112S87GG955NN4A&url=%2FNIKE-Basic-Wallet-OSFM-Black%2Fdp%2FB00JA3UBDY%2Fref%3Dsr_1_1_sspa%3Fkeywords%3Dnike%26qid%3D1652426205%26sr%3D8-1-spons%26psc%3D1%26smid%3DA2SCQ8RGOSJ339&qualifier=1652426205&id=1127160288729383&widgetName=sp_atf,Nike Basic Wallet,$14.00,4.7,"4,712"
https://www.amazon.com/s?k=nike&page=1,1,nike,https://www.amazon.com/Nike-Womens-Blazer-Mid-77/dp/B088YQG81M/ref=sr_1_2?keywords=nike&qid=1652426205&sr=8-2,Nike Women's Blazer MID 77 Sneaker,$134.98,4.6,67
https://www.amazon.com/s?k=nike&page=1,1,nike,https://www.amazon.com/NIKE-Mens-Vapormax-Black-Black-Dark/dp/B005ANMORO/ref=sr_1_3?keywords=nike&qid=1652426205&sr=8-3,Nike T90 Laser III Firm Ground Soccer Boots,$289.97,4.6,"1,281"
https://www.amazon.com/s?k=nike&page=1,1,nike,https://www.amazon.com/Nike-Tennis-White-Black-Womens/dp/B08GJ4HZL7/ref=sr_1_4?keywords=nike&qid=1652426205&sr=8-4,Nike Men's Tennis Shoe,$91.00,4.5,"2,026"
https://www.amazon.com/s?k=nike&page=1,1,nike,https://www.amazon.com/Nike-Womens-Force-DH4406-Paisley/dp/B09QJ7VCBD/ref=sr_1_5?keywords=nike&qid=1652426205&sr=8-5,Nike Women's Basketball Shoes,$154.17,4.6,"2,340"
https://www.amazon.com/s?k=nike&page=1,1,nike,https://www.amazon.com/Nike-Park-III-Shorts-Black/dp/B087M3MJ1L/ref=sr_1_6?keywords=nike&qid=1652426205&sr=8-6,Nike Men's Soccer Park III Shorts,$25.90,4.1,"2,873"
https://www.amazon.com/s?k=nike&page=1,1,nike,https://www.amazon.com/Nike-Womens-Force-Sneaker-Adult/dp/B08QB2ZWSQ/ref=sr_1_7?keywords=nike&qid=1652426205&sr=8-7,Nike Women's Basketball Shoe,$138.00,4.5,101
https://www.amazon.com/s?k=nike&page=1,1,nike,https://www.amazon.com/Nike-Season-Womens-Running-Black/dp/B07MLMKZBZ/ref=sr_1_8?keywords=nike&qid=1652426205&sr=8-8,Nike Women's Fitness Shoes,$89.99,4.6,"2,565"
https://www.amazon.com/s?k=nike&page=1,1,nike,https://www.amazon.com/Nike-Control-Trainer-White-Dark-Regular/dp/B07RLY3BF8/ref=sr_1_9?keywords=nike&qid=1652426205&sr=8-9,Nike Men's Flex Control Tr4 Cross Trainer,$90.00,4.6,"1,501"
https://www.amazon.com/s?k=nike&page=1,1,nike,https://www.amazon.com/Nike-384408-Legend-Dri-Fit-Sleeve/dp/B007IXGUWY/ref=sr_1_10?keywords=nike&qid=1652426205&sr=8-10,Nike Men's Legend Long Sleeve Tee,$32.00,4.4,"3,663"
https://www.amazon.com/s?k=nike&page=1,1,nike,https://www.amazon.com/Nike-Pegasus-Running-Black-Thunder/dp/B07H8KJCG5/ref=sr_1_11?keywords=nike&qid=1652426205&sr=8-11,Nike Men's Air Zoom Pegasus 36 Running Shoes,$94.99,4.5,"3,829"
https://www.amazon.com/s?k=nike&page=1,1,nike,https://www.amazon.com/Nike-Dri-FIT-basketball-Athletic-pockets/dp/B07BPMTVPX/ref=sr_1_12?keywords=nike&qid=1652426205&sr=8-12,Nike Dri-FIT Icon,$39.47,4.6,494
https://www.amazon.com/s?k=nike&page=1,1,nike,https://www.amazon.com/NIKE-Unisex-Everyday-Cushion-Black/dp/B00K5CN370/ref=sr_1_13?keywords=nike&qid=1652426205&sr=8-13,Nike Everyday Cushion Crew Socks,$25.00,4.7,"12,527"
https://www.amazon.com/s?k=nike&page=1,1,nike,https://www.amazon.com/NIKE-849559-Running-Shoes-Anthracite/dp/B01L91BNU4/ref=sr_1_14?keywords=nike&qid=1652426205&sr=8-14,Nike Men's Air Max 2017 Running Shoes,$180.63,4.4,"1,286"
https://www.amazon.com/s?k=nike&page=1,1,nike,https://www.amazon.com/Nike-Womens-Pegasus-Running-Gunsmoke/dp/B07H963GDZ/ref=sr_1_15?keywords=nike&qid=1652426205&sr=8-15,Nike Women's Air Zoom Pegasus 36 Running Shoes,$89.98,4.5,"5,162"
https://www.amazon.com/s?k=nike&page=1,1,nike,https://www.amazon.com/Nike-Mens-Park20-Black-White/dp/B07W4SXB6J/ref=sr_1_16?keywords=nike&qid=1652426205&sr=8-16,Nike Men's M Nk Dry Park20 Pant,$30.80,4.3,"1,621"
https://www.amazon.com/s?k=nike&page=1,1,nike,https://www.amazon.com/NIKE-Legend-Short-Sleeve-Black/dp/B007OY499S/ref=sr_1_17?keywords=nike&qid=1652426205&sr=8-17,NIKE Mens Legend Short Sleeve Tee,$25.00,4.5,"9,408"
https://www.amazon.com/s?k=nike&page=1,1,nike,https://www.amazon.com/Nike-Short-Sleeve-Shirt-White/dp/B08WTHJJ66/ref=sr_1_18?keywords=nike&qid=1652426205&sr=8-18,Nike Men's Park Short Sleeve T Shirt,$24.99,4.4,311
https://www.amazon.com/s?k=nike&page=1,1,nike,https://www.amazon.com/Nike-Sportswear-Graphic-Short-Sleeve/dp/B09J1MPZXY/ref=sr_1_19?keywords=nike&qid=1652426205&sr=8-19,Nike Mens Men's NSW Tee Brand Mark,$29.89,4.6,32
https://www.amazon.com/s?k=nike&page=1,1,nike,https://www.amazon.com/Nike-Infinity-Flyknit-Ct2423-600-Numeric_8/dp/B099FL8FC8/ref=sr_1_20?keywords=nike&qid=1652426205&sr=8-20,Nike Women's Stroke Running Shoe,$139.99,4.3,41
https://www.amazon.com/s?k=nike&page=1,1,nike,https://www.amazon.com/Nike-365-Shorts-Large-Black/dp/B08NYFPGQ8/ref=sr_1_21?keywords=nike&qid=1652426205&sr=8-21,"Nike Womens Pro 365 3"" Shorts",$44.90,4.6,820
https://www.amazon.com/s?k=nike&page=1,1,nike,https://www.amazon.com/NIKE-Mens-Free-2018-White/dp/B000LH8G1C/ref=sr_1_22?keywords=nike&qid=1652426205&sr=8-22,Nike Mens Free Rn 2018 Running Shoe,$121.62,4.6,63
https://www.amazon.com/s?k=nike&page=1,1,nike,https://www.amazon.com/Nike-Tanjun-Running-Black-Anthracite/dp/B00XWNWGGS/ref=sr_1_23?keywords=nike&qid=1652426205&sr=8-23,"NIKE Men's Tanjun Sneakers, Breathable Textile Uppers and Comfortable Lightweight Cushioning",$74.99,4.6,"16,004"
https://www.amazon.com/s?k=nike&page=1,1,nike,https://www.amazon.com/Nike-Womens-Training-Shorts-Black/dp/B07XJDX2GF/ref=sr_1_24?keywords=nike&qid=1652426205&sr=8-24,"Nike Women's Pro 3"" Shorts",$46.87,4.7,"3,459"
https://www.amazon.com/s?k=nike&page=1,1,nike,https://www.amazon.com/Nike-Crew-Shorts-Womens-CJ2400-010/dp/B07TJ8RC4J/ref=sr_1_25?keywords=nike&qid=1652426205&sr=8-25,Nike Women's Running Shorts,$30.93,5.0,4
https://www.amazon.com/s?k=nike&page=1,1,nike,https://www.amazon.com/gp/slredirect/picassoRedirect.html/ref=pa_sp_mtf_aps_sr_pg1_1?ie=UTF8&adId=A09047522XR435P3R6TF5&url=%2FNIKE-Free-2018-Kids-Ah3457-402%2Fdp%2FB078NSJ19D%2Fref%3Dsr_1_26_sspa%3Fkeywords%3Dnike%26qid%3D1652426205%26sr%3D8-26-spons%26psc%3D1&qualifier=1652426205&id=1127160288729383&widgetName=sp_mtf,NIKE FREE RN 2018 (GS),$85.45,5.0,1
https://www.amazon.com/s?k=nike&page=1,1,nike,https://www.amazon.com/gp/slredirect/picassoRedirect.html/ref=pa_sp_mtf_aps_sr_pg1_1?ie=UTF8&adId=A101116711FZS988JL5RY&url=%2FNike-Womens-Crew-Running-Shorts%2Fdp%2FB08DT15JXZ%2Fref%3Dsr_1_27_sspa%3Fkeywords%3Dnike%26qid%3D1652426205%26sr%3D8-27-spons%26psc%3D1%26smid%3DA1H9BQ5UHZL5BR&qualifier=1652426205&id=1127160288729383&widgetName=sp_mtf,Nike womens Running Shorts,$23.99,4.0,8
https://www.amazon.com/s?k=nike&page=1,1,nike,https://www.amazon.com/gp/slredirect/picassoRedirect.html/ref=pa_sp_mtf_aps_sr_pg1_1?ie=UTF8&adId=A01862362OMHQO5C8WDL3&url=%2FNike-Sportswear-Fleece-Small-Saturn%2Fdp%2FB099S5VMX4%2Fref%3Dsr_1_28_sspa%3Fkeywords%3Dnike%26qid%3D1652426205%26sr%3D8-28-spons%26psc%3D1%26smid%3DAW45XAQTP7MMM&qualifier=1652426205&id=1127160288729383&widgetName=sp_mtf,Nike Men's NSW Club Crew,$47.82,,
https://www.amazon.com/s?k=nike&page=1,1,nike,https://www.amazon.com/Nike-Runner-Anthracite-Electric-Green/dp/B07JNRTG4S/ref=sr_1_29?keywords=nike&qid=1652426205&sr=8-29,Nike Unisex-Child Star Runner (Gs) Running Shoe,$69.96,4.6,"6,060"
https://www.amazon.com/s?k=nike&page=1,1,nike,https://www.amazon.com/Nike-Unisex-Everyday-Cushion-White/dp/B07FKG7W63/ref=sr_1_30?keywords=nike&qid=1652426205&sr=8-30,Nike unisex-adult Unisex Nike Everyday Cushion Crew 3 Pair,$20.50,4.7,"7,961"
https://www.amazon.com/s?k=nike&page=1,1,nike,https://www.amazon.com/NIKE-Womens-Flyknit-Black-White/dp/B0041U11XA/ref=sr_1_31?keywords=nike&qid=1652426205&sr=8-31,Nike womens Sneaker,$104.00,4.6,864
https://www.amazon.com/s?k=nike&page=1,1,nike,https://www.amazon.com/Nike-Mens-Running-Black-Black-Black/dp/B00E4YZTZY/ref=sr_1_32?keywords=nike&qid=1652426205&sr=8-32,Nike Men's Air Max 2017 Running Shoe Black/Black-Black 10.0,$197.72,4.5,75
https://www.amazon.com/s?k=nike&page=1,1,nike,https://www.amazon.com/Unisex-Performance-Cushion-Socks-Medium/dp/B010RWDHAK/ref=sr_1_33?keywords=nike&qid=1652426205&sr=8-33,NIKE Performance Cushion Crew Socks with Band (6 Pairs),$31.13,4.7,"16,080"
https://www.amazon.com/s?k=nike&page=1,1,nike,https://www.amazon.com/Nike-Woven-Training-Shorts-Gunsmoke/dp/B07BJLLQH8/ref=sr_1_34?keywords=nike&qid=1652426205&sr=8-34,Nike Flex Men's Woven Training Shorts,$48.79,4.4,"1,142"
https://www.amazon.com/s?k=nike&page=1,1,nike,https://www.amazon.com/Nike-Experience-Black-White-Dark-Regular/dp/B07RLY63MH/ref=sr_1_35?keywords=nike&qid=1652426205&sr=8-35,Nike Men's Flex Experience Run 9 4e Shoe,$67.56,4.5,"2,360"
https://www.amazon.com/s?k=nike&page=1,1,nike,https://www.amazon.com/Nike-React-Element-Bq6166-008-Black/dp/B07MVPWKX7/ref=sr_1_36?keywords=nike&qid=1652426205&sr=8-36,Nike Mens React Element 55 Running Shoes,$144.00,4.3,"1,536"
https://www.amazon.com/s?k=nike&page=1,1,nike,https://www.amazon.com/Nike-Womens-Running-Black-Volt-Laser-Crimson/dp/B089Q8MLB1/ref=sr_1_37?keywords=nike&qid=1652426205&sr=8-37,Nike Women's Gymnastics Shoe,$125.02,4.6,103
https://www.amazon.com/s?k=nike&page=1,1,nike,https://www.amazon.com/Unisex-Dri-FIT-Cushion-Training-Socks/dp/B07CYVDSF4/ref=sr_1_38?keywords=nike&qid=1652426205&sr=8-38,NIKE Dry Cushion Crew Training Socks (6 Pairs),$27.99,4.7,525
https://www.amazon.com/s?k=nike&page=1,1,nike,https://www.amazon.com/Nike-Retro-DD1391-Black-White/dp/B08Q9W5GMT/ref=sr_1_39?keywords=nike&qid=1652426205&sr=8-39,Nike Mens Dunk Low Retro DD1391 100 Black/White - Size,$379.00,4.2,19
https://www.amazon.com/s?k=nike&page=1,1,nike,https://www.amazon.com/Nike-Womens-Daybreak-Casual-Metallic/dp/B09PVQ5S4F/ref=sr_1_40?keywords=nike&qid=1652426205&sr=8-40,Nike Women's Walking Industrial Shoe,$89.99,4.3,237
https://www.amazon.com/s?k=nike&page=1,1,nike,https://www.amazon.com/Nike-Training-Gymnastics-White-Desert/dp/B08TQGR4RN/ref=sr_1_41?keywords=nike&qid=1652426205&sr=8-41,Nike Men's Training Gymnastics Shoe,$94.77,4.5,203
https://www.amazon.com/s?k=nike&page=1,1,nike,https://www.amazon.com/NIKE-Sportswear-Joggers-Black-White/dp/B007T2H8KM/ref=sr_1_42?keywords=nike&qid=1652426205&sr=8-42,Men's Nike Sportswear Club Jogger Sweatpant,,4.5,"2,996"
https://www.amazon.com/s?k=nike&page=1,1,nike,https://www.amazon.com/Nike-Mens-315122-111-FORCE-white/dp/B001OV3DR6/ref=sr_1_43?keywords=nike&qid=1652426205&sr=8-43,Nike Men's Basketball Shoe,$145.21,4.6,"2,623"
https://www.amazon.com/s?k=nike&page=1,1,nike,https://www.amazon.com/Nike-Force-CW2288-Triple-Black/dp/B08QBFSPS6/ref=sr_1_44?keywords=nike&qid=1652426205&sr=8-44,Nike Men's Air Force 1 '07 An20 Basketball Shoe,$152.49,4.6,54
https://www.amazon.com/s?k=nike&page=1,1,nike,https://www.amazon.com/Nike-Womens-Trainer-Sneaker-Metallic/dp/B07HDS7TVT/ref=sr_1_45?keywords=nike&qid=1652426205&sr=8-45,Nike Women's Flex Trainer 9 Sneaker,$69.56,4.3,"3,652"
https://www.amazon.com/s?k=nike&page=1,1,nike,https://www.amazon.com/Nike-White-Black-SAIL-Size/dp/B0892CS9KJ/ref=sr_1_46?keywords=nike&qid=1652426205&sr=8-46,Nike Women's Blazer Mid 77 Basketball Shoe (6.5),$143.99,4.4,26
https://www.amazon.com/s?k=nike&page=1,1,nike,https://www.amazon.com/Nike-Everyday-Cushion-Socks-Medium/dp/B07GBGWGFF/ref=sr_1_47?keywords=nike&qid=1652426205&sr=8-47,Nike Men's Everyday Plus Cushion Crew Socks,$28.88,4.8,470
https://www.amazon.com/s?k=nike&page=1,1,nike,https://www.amazon.com/Nike-Torch-Running-Shoes-Black/dp/B005AHBJQW/ref=sr_1_48?keywords=nike&qid=1652426205&sr=8-48,Nike Men's Air Max Torch 3,$132.43,4.5,"5,264"
https://www.amazon.com/s?k=nike&page=1,1,nike,https://www.amazon.com/Nike-Unisex-Everyday-Lightweight-Training/dp/B07LH53NRQ/ref=sr_1_49?keywords=nike&qid=1652426205&sr=8-49,Nike Everyday Lightweight Crew 3-Pair,$18.89,4.4,"1,975"
https://www.amazon.com/s?k=nike&page=1,1,nike,https://www.amazon.com/NIKE-Short-Sleeve-Legend-Grey/dp/B01LW6UU5R/ref=sr_1_50?keywords=nike&qid=1652426205&sr=8-50,Nike Men's Legend Short Sleeve Dri-Fit Shirt 727982,$27.13,4.5,"3,106"
https://www.amazon.com/s?k=nike&page=1,1,nike,https://www.amazon.com/Epic-React-Flyknit-8-Bit-Numeric_13/dp/B07NJKVX7M/ref=sr_1_52?keywords=nike&qid=1652426205&sr=8-52,Nike Men's Epic React Flyknit Running Shoes,$119.89,4.5,126
https://www.amazon.com/s?k=nike&page=1,1,nike,https://www.amazon.com/gp/slredirect/picassoRedirect.html/ref=pa_sp_btf_aps_sr_pg1_1?ie=UTF8&adId=A0371805GY15PE2TJ0GM&url=%2FNike-Italic-Graphic-Crewneck-T-Shirt%2Fdp%2FB09V5PS44K%2Fref%3Dsr_1_54_sspa%3Fkeywords%3Dnike%26qid%3D1652426205%26sr%3D8-54-spons%26psc%3D1%26smid%3DA36Y2PKAXMVZ0O&qualifier=1652426205&id=1127160288729383&widgetName=sp_btf,Nike Men's Italic Graphic Logo Crewneck T-Shirt,$32.97,4.6,142
https://www.amazon.com/s?k=nike&page=1,1,nike,https://www.amazon.com/gp/slredirect/picassoRedirect.html/ref=pa_sp_btf_aps_sr_pg1_1?ie=UTF8&adId=A05591581S3C29633D2DK&url=%2FNike-Sportswear-Swoosh-Small-White%2Fdp%2FB09QTQD615%2Fref%3Dsr_1_55_sspa%3Fkeywords%3Dnike%26qid%3D1652426205%26sr%3D8-55-spons%26psc%3D1&qualifier=1652426205&id=1127160288729383&widgetName=sp_btf,NIKE Sportswear Men's Just Do It Swoosh Tee,$39.99,,
https://www.amazon.com/s?k=nike&page=1,1,nike,https://www.amazon.com/gp/slredirect/picassoRedirect.html/ref=pa_sp_btf_aps_sr_pg1_1?ie=UTF8&adId=A07511961C1ZQ03LWUU7K&url=%2FNike-Mens-Tennis-Victory-Polo%2Fdp%2FB084H1QDBH%2Fref%3Dsr_1_56_sspa%3Fkeywords%3Dnike%26qid%3D1652426205%26sr%3D8-56-spons%26psc%3D1%26smid%3DAZLFFLHFDW122&qualifier=1652426205&id=1127160288729383&widgetName=sp_btf,Nike Men's Dri-FIT Victory Golf Polo White Black BV0356-100,$40.29,5.0,5
https://www.amazon.com/s?k=nike&page=1,1,nike,https://www.amazon.com/gp/slredirect/picassoRedirect.html/ref=pa_sp_btf_aps_sr_pg1_1?ie=UTF8&adId=A0335909193DCBVP462V8&url=%2FUnisex-Nike-Vapor-Crew-Football%2Fdp%2FB01LQZSDEM%2Fref%3Dsr_1_57_sspa%3Fkeywords%3Dnike%26qid%3D1652426205%26sr%3D8-57-spons%26psc%3D1%26smid%3DA1TGXNPRZ5CSEZ&qualifier=1652426205&id=1127160288729383&widgetName=sp_btf,NIKE Vapor Crew Socks (1 Pair),$26.38,4.7,657
https://www.amazon.com/s?k=nike&page=1,1,nike,https://www.amazon.com/gp/slredirect/picassoRedirect.html/ref=pa_sp_btf_aps_sr_pg1_1?ie=UTF8&adId=A031392621QOAJBZI3EI&url=%2FNike-Sneaker-Black-White-Anthracite%2Fdp%2FB08QB56RHJ%2Fref%3Dsr_1_58_sspa%3Fkeywords%3Dnike%26qid%3D1652426205%26sr%3D8-58-spons%26psc%3D1%26smid%3DA3K82CEIZN4O1H&qualifier=1652426205&id=1127160288729383&widgetName=sp_btf,Nike Men's Race Running Shoe,$99.90,4.4,"2,830"
https://www.amazon.com/s?k=nike&page=2,2,nike,https://www.amazon.com/gp/slredirect/picassoRedirect.html/ref=pa_sp_atf_next_aps_sr_pg2_1?ie=UTF8&adId=A0189716BASOF5NXQJZD&url=%2FBritish-Knights-Metros-Fashion-Sneaker%2Fdp%2FB07P7TSVH2%2Fref%3Dsr_1_49_sspa%3Fkeywords%3Dnike%26qid%3D1652426207%26sr%3D8-49-spons%26psc%3D1&qualifier=1652426207&id=1082011993502963&widgetName=sp_atf_next,British Knights Men's Metros Sneaker,$21.49,4.5,"1,657"
https://www.amazon.com/s?k=nike&page=2,2,nike,https://www.amazon.com/gp/slredirect/picassoRedirect.html/ref=pa_sp_atf_next_aps_sr_pg2_1?ie=UTF8&adId=A09351723FFMRF3SYHZEM&url=%2FAthletic-Adjustable-Lightweight-Flexiable-Slippers%2Fdp%2FB0894Z8M3M%2Fref%3Dsr_1_50_sspa%3Fkeywords%3Dnike%26qid%3D1652426207%26sr%3D8-50-spons%26psc%3D1&qualifier=1652426207&id=1082011993502963&widgetName=sp_atf_next,Men's Athletic Adjustable Slide Sandals with Velcro Lightweight Comfort Slip On Sport Slippers,$23.99,4.3,"1,762"
https://www.amazon.com/s?k=nike&page=2,2,nike,https://www.amazon.com/gp/slredirect/picassoRedirect.html/ref=pa_sp_atf_next_aps_sr_pg2_1?ie=UTF8&adId=A05817461Q9H8OUJEX53D&url=%2FMAGNIVIT-Basketball-Running-Drawstring-Waistband%2Fdp%2FB087WZJKXS%2Fref%3Dsr_1_51_sspa%3Fkeywords%3Dnike%26qid%3D1652426207%26sr%3D8-51-spons%26psc%3D1%26smid%3DA2P9Q3EPHUZGCZ&qualifier=1652426207&id=1082011993502963&widgetName=sp_atf_next,MAGNIVIT Men's Lightweight Mesh Shorts with Pockets Breathable Running Workout Gym Shorts,$19.98,4.5,214
https://www.amazon.com/s?k=nike&page=2,2,nike,https://www.amazon.com/gp/slredirect/picassoRedirect.html/ref=pa_sp_atf_next_aps_sr_pg2_1?ie=UTF8&adId=A044190117INS2LNH1JOF&url=%2FSneakers-Fashion-Running-Athletic-Trainers%2Fdp%2FB091JZTGGB%2Fref%3Dsr_1_52_sspa%3Fkeywords%3Dnike%26qid%3D1652426207%26sr%3D8-52-spons%26psc%3D1&qualifier=1652426207&id=1082011993502963&widgetName=sp_atf_next,TSIODFO Men's Running Shoes Athletic Walking Sneakers,$39.01,4.3,"1,365"
https://www.amazon.com/s?k=nike&page=2,2,nike,https://www.amazon.com/Nike-Jogger-Jersey-Black-Medium/dp/B07KD5ZX1V/ref=sr_1_53?keywords=nike&qid=1652426207&sr=8-53,Nike Men's NSW Club Jogger Jersey,$54.00,4.6,"7,844"
https://www.amazon.com/s?k=nike&page=2,2,nike,https://www.amazon.com/NIKE-Monarch-Trainer-Metallic-Midnight/dp/B004IM5K24/ref=sr_1_54?keywords=nike&qid=1652426207&sr=8-54,Nike Men's Air Monarch IV Cross Trainer,$64.97,4.5,"26,681"
https://www.amazon.com/s?k=nike&page=2,2,nike,https://www.amazon.com/Nike-Unisex-Everyday-Cushion-Ankle/dp/B07GBH42SG/ref=sr_1_55?keywords=nike&qid=1652426207&sr=8-55,Nike Everyday Cushion Ankle Training Socks (3 Pair),$18.40,4.6,"7,144"
https://www.amazon.com/s?k=nike&page=2,2,nike,https://www.amazon.com/Nike-Nubuck-Basketball-Black-Anthracite/dp/B00Q6ZC7PY/ref=sr_1_56?keywords=nike&qid=1652426207&sr=8-56,Nike Men's Air Visi Pro VI Basketball Shoe,$111.59,4.6,"3,096"
https://www.amazon.com/s?k=nike&page=2,2,nike,https://www.amazon.com/Nike-Shoes-White-University-bv1171-100/dp/B07HYHLN6X/ref=sr_1_57?keywords=nike&qid=1652426207&sr=8-57,Nike Men's Low-Top Sneakers,$167.25,4.4,"4,436"
https://www.amazon.com/s?k=nike&page=2,2,nike,https://www.amazon.com/Nike-Womens-Panda-Black-White/dp/B097S532NQ/ref=sr_1_58?keywords=nike&qid=1652426207&sr=8-58,Nike Womens Dunk High WMNS DD1869 102 Football Grey - Size,$240.88,4.4,69
https://www.amazon.com/s?k=nike&page=2,2,nike,https://www.amazon.com/Nike-Womens-Tennis-Shoe-Bianco/dp/B08GJ2LP1B/ref=sr_1_59?keywords=nike&qid=1652426207&sr=8-59,Nike Women's Tennis Shoe,$94.56,4.5,316
https://www.amazon.com/s?k=nike&page=2,2,nike,https://www.amazon.com/NIKE-Womens-Air-Force-07/dp/B000SBW9K0/ref=sr_1_60?keywords=nike&qid=1652426207&sr=8-60,NIKE Women's Basketball Shoe,$131.99,4.6,"10,615"
https://www.amazon.com/s?k=nike&page=2,2,nike,https://www.amazon.com/Nike-Jordan-Sneaker-Adult-Black-Multi-Color/dp/B09V1Q2X4H/ref=sr_1_61?keywords=nike&qid=1652426207&sr=8-61,Nike Air Jordan 1 Mid Se Mens 852542-011 Size,$267.00,4.7,"1,139"
https://www.amazon.com/s?k=nike&page=2,2,nike,https://www.amazon.com/NIKE-Womens-Running-Shoes-White/dp/B078Y9TV87/ref=sr_1_62?keywords=nike&qid=1652426207&sr=8-62,Nike womens Competition Running Shoes,$119.99,4.6,"1,641"
https://www.amazon.com/s?k=nike&page=2,2,nike,https://www.amazon.com/Nike-Metcon-Training-Metallic-Silver/dp/B09M26QR6Y/ref=sr_1_63?keywords=nike&qid=1652426207&sr=8-63,Nike Men's Football Soccer Shoe,$109.99,4.5,99
https://www.amazon.com/s?k=nike&page=2,2,nike,https://www.amazon.com/Nike-Hoodie-Joggers-Tracksuits-Black/dp/B08DNLVQZR/ref=sr_1_64?keywords=nike&qid=1652426207&sr=8-64,Nike Sportswear Tech Fleece Men's Full-Zip Hoodie,,4.6,188
https://www.amazon.com/s?k=nike&page=2,2,nike,https://www.amazon.com/Nike-Mens-Tech-Essential-Black/dp/B004PKJ3XG/ref=sr_1_65?keywords=nike&qid=1652426207&sr=8-65,"Nike Men's Tech Essential Web Belt, Black, One Size",$19.06,4.7,"2,071"
https://www.amazon.com/s?k=nike&page=2,2,nike,https://www.amazon.com/NIKE-Check-Obsidian-White-Skate/dp/B00P8LARWM/ref=sr_1_66?keywords=nike&qid=1652426207&sr=8-66,Nike SB Check Mens Trainers 705265 Sneakers Shoes,$109.97,4.6,111
https://www.amazon.com/s?k=nike&page=2,2,nike,https://www.amazon.com/Nike-Mens-Blazer-Vintage-DD9239/dp/B08TM7MHT5/ref=sr_1_67?keywords=nike&qid=1652426207&sr=8-67,Nike Men's Shoes Blazer Mid '77 Vintage Roswell Rayguns DD9239-100,$210.00,4.9,14
https://www.amazon.com/s?k=nike&page=2,2,nike,https://www.amazon.com/Dri-FIT-Cotton-Black-White-Medium/dp/B00SNH9WA6/ref=sr_1_68?keywords=nike&qid=1652426207&sr=8-68,NIKE Men's Dri-FIT Cotton 2.0 Tee,$29.18,4.4,"2,060"
https://www.amazon.com/s?k=nike&page=2,2,nike,https://www.amazon.com/Nike-Womens-Air-Ci3898-001-Size/dp/B082R66HDY/ref=sr_1_69?keywords=nike&qid=1652426207&sr=8-69,Nike Women's Race Running Shoe,$117.79,4.3,"1,861"
https://www.amazon.com/s?k=nike&page=2,2,nike,https://www.amazon.com/NIKE-Sportswear-Shorts-Heather-White/dp/B01JIPH51Y/ref=sr_1_70?keywords=nike&qid=1652426207&sr=8-70,Nike Men's Sportwear Club Shorts,$49.85,4.7,"4,599"
https://www.amazon.com/s?k=nike&page=2,2,nike,https://www.amazon.com/Nike-Reax-Sports-Shoes-Black/dp/B0845QLFYP/ref=sr_1_71?keywords=nike&qid=1652426207&sr=8-71,Nike Men's Gymnastics Shoes,$74.24,4.3,375
https://www.amazon.com/s?k=nike&page=2,2,nike,https://www.amazon.com/Nike-Vapormax-Monochrome-DH4084-100-Numeric_10_Point_5/dp/B0948NCN2N/ref=sr_1_72?keywords=nike&qid=1652426207&sr=8-72,Nike Air Vapormax 2021 Fk Mens Shoes,,4.6,34
https://www.amazon.com/s?k=nike&page=2,2,nike,https://www.amazon.com/Nike-Flyknit-Football-Cleats-Platinum/dp/B09V6NPKJ7/ref=sr_1_73?keywords=nike&qid=1652426207&sr=8-73,Nike Mens Vapor Edge Elite 360 Flyknit Football Cleats Ao8276,$179.99,4.5,40
https://www.amazon.com/s?k=nike&page=2,2,nike,https://www.amazon.com/NIKE-Manoa-Leather-Haystack-Velvet/dp/B004QH11N8/ref=sr_1_74?keywords=nike&qid=1652426207&sr=8-74,Nike Mens Manoa Leather Boots All,$127.19,4.6,"1,932"
https://www.amazon.com/s?k=nike&page=2,2,nike,https://www.amazon.com/Nike-Sportswear-Basketball-Graphic-Charcoal/dp/B07NJQX6F9/ref=sr_1_75?keywords=nike&qid=1652426207&sr=8-75,Nike Men's Sportswear Club Short Basketball Graphic,$29.99,4.7,"1,383"
https://www.amazon.com/s?k=nike&page=2,2,nike,https://www.amazon.com/gp/slredirect/picassoRedirect.html/ref=pa_sp_mtf_aps_sr_pg2_1?ie=UTF8&adId=A08863571OHHH0NT5H8SA&url=%2FNike-Tailwind-Mens-487754-406-Size%2Fdp%2FB07RNRYKRY%2Fref%3Dsr_1_77_sspa%3Fkeywords%3Dnike%26qid%3D1652426207%26sr%3D8-77-spons%26psc%3D1%26smid%3DA3TW1RL8HZHPMP&qualifier=1652426207&id=1082011993502963&widgetName=sp_mtf,Nike Men's Track & Field Shoes,$117.25,4.4,"13,162"
https://www.amazon.com/s?k=nike&page=2,2,nike,https://www.amazon.com/gp/slredirect/picassoRedirect.html/ref=pa_sp_mtf_aps_sr_pg2_1?ie=UTF8&adId=A071934811ZA938XZXO8V&url=%2FNike-Sneaker-Black-White-Regular%2Fdp%2FB07L6CBWDY%2Fref%3Dsr_1_78_sspa%3Fkeywords%3Dnike%26qid%3D1652426207%26sr%3D8-78-spons%26psc%3D1%26smid%3DA2BY0FLKYTTR7I&qualifier=1652426207&id=1082011993502963&widgetName=sp_mtf,Nike Men's VTR Sneaker,$89.50,4.6,"1,021"
https://www.amazon.com/s?k=nike&page=2,2,nike,https://www.amazon.com/gp/slredirect/picassoRedirect.html/ref=pa_sp_mtf_aps_sr_pg2_1?ie=UTF8&adId=A0951940191IKCX396V1M&url=%2FNike-Womens-Trainers-Sneakers-University%2Fdp%2FB09J1CQB9Y%2Fref%3Dsr_1_79_sspa%3Fkeywords%3Dnike%26qid%3D1652426207%26sr%3D8-79-spons%26psc%3D1%26smid%3DA2VZVPHJJ5Q67N&qualifier=1652426207&id=1082011993502963&widgetName=sp_mtf,Nike Zoom Pulse Womens Trainers Ct1629 Sneakers Shoes,$149.97,4.2,9
https://www.amazon.com/s?k=nike&page=2,2,nike,https://www.amazon.com/Blazer-Mid-77-Big-Kid/dp/B08L791GBY/ref=sr_1_80?keywords=nike&qid=1652426207&sr=8-80,Nike Blazer Mid '77 Big Kids Casual Skate Shoes Da4086-002,$112.00,4.6,200
https://www.amazon.com/s?k=nike&page=2,2,nike,https://www.amazon.com/Nike-Womens-Waffle-Casual-Shoes/dp/B094V96ZNY/ref=sr_1_81?keywords=nike&qid=1652426207&sr=8-81,Nike Waffle One Women's Athletics Track Shoe,$84.46,4.1,22
https://www.amazon.com/s?k=nike&page=2,2,nike,https://www.amazon.com/Nike-Mens-Torch-Running-Black/dp/B07WGHRLNL/ref=sr_1_82?keywords=nike&qid=1652426207&sr=8-82,Nike Men's Air Max Torch 4 Running Shoe,,4.5,190
https://www.amazon.com/s?k=nike&page=2,2,nike,https://www.amazon.com/Nike-Women-Leopard-DH9632-101-Numeric_9/dp/B09MXQJVZM/ref=sr_1_83?keywords=nike&qid=1652426207&sr=8-83,Nike Air Force 1 Pixel Womens Casual Fashion Sneaker Ck6649-001,$104.00,4.5,117
https://www.amazon.com/s?k=nike&page=2,2,nike,https://www.amazon.com/Nike-Hoodie-Midnight-White-Medium/dp/B07KD9KDYG/ref=sr_1_84?keywords=nike&qid=1652426207&sr=8-84,Nike Men's Sportswear Club Fleece Full Zip Hoodie,,4.7,"2,437"
https://www.amazon.com/s?k=nike&page=2,2,nike,https://www.amazon.com/Nike-Genome-Running-Trainers-Sneakers/dp/B098T5BWQM/ref=sr_1_85?keywords=nike&qid=1652426207&sr=8-85,Nike Mens Air Max Genome Running Sneaker Shoes Cw1648,$99.95,4.5,40
https://www.amazon.com/s?k=nike&page=2,2,nike,https://www.amazon.com/Nike-Victori-Slide-Running-Womens/dp/B08PKK39MY/ref=sr_1_86?keywords=nike&qid=1652426207&sr=8-86,Nike Men's Loafer,$35.95,4.6,"3,316"
https://www.amazon.com/s?k=nike&page=2,2,nike,https://www.amazon.com/Unisex-Performance-Cushion-Quarter-Socks/dp/B006AWKTWG/ref=sr_1_88?keywords=nike&qid=1652426207&sr=8-88,NIKE Performance Cushion Quarter Socks with Bag (6 Pairs),$28.39,4.5,"2,724"
https://www.amazon.com/s?k=nike&page=2,2,nike,https://www.amazon.com/Nike-Court-Legacy-Canvas-White/dp/B08PKJCQ6D/ref=sr_1_89?keywords=nike&qid=1652426207&sr=8-89,Nike Men's Court Legacy Gymnastics Shoe,$68.00,4.3,169
https://www.amazon.com/s?k=nike&page=2,2,nike,https://www.amazon.com/Nike-Court-Royale-Sneaker-Regular/dp/B07RFNNWJZ/ref=sr_1_90?keywords=nike&qid=1652426207&sr=8-90,Nike Men's Court Royale AC Sneaker,$102.27,4.6,"1,620"
https://www.amazon.com/s?k=nike&page=2,2,nike,https://www.amazon.com/Nike-Court-Vision-Black-Numeric_11/dp/B095MHQV31/ref=sr_1_91?keywords=nike&qid=1652426207&sr=8-91,Nike Court Vision Lo Mens Shoes,$121.42,4.6,268
https://www.amazon.com/s?k=nike&page=2,2,nike,https://www.amazon.com/Nike-Pegasus-Running-Casual-Bq9646-002/dp/B07ZJNVZFH/ref=sr_1_92?keywords=nike&qid=1652426207&sr=8-92,Nike Men's Running Shoe,$138.33,4.6,"1,873"
https://www.amazon.com/s?k=nike&page=2,2,nike,https://www.amazon.com/Nike-Force-Nature-Triple-White/dp/B09BN2TD7F/ref=sr_1_93?keywords=nike&qid=1652426207&sr=8-93,Nike Air Force 1 '07 Next Nature Triple White Size 6,$168.53,,
https://www.amazon.com/s?k=nike&page=2,2,nike,https://www.amazon.com/Dri-Fit-Training-Cotton-Cushioned-Signature/dp/B07YW3R9MQ/ref=sr_1_94?keywords=nike&qid=1652426207&sr=8-94,NIKE Dri-Fit Training Cotton Cushioned Crew Socks 6 PAIR White with Black Signature Swoosh Logo) LARGE 8-12,$32.00,4.7,213
https://www.amazon.com/s?k=nike&page=2,2,nike,https://www.amazon.com/Nike-Womens-Zoom-Winflo-Aq8228-002/dp/B07H971KW7/ref=sr_1_95?keywords=nike&qid=1652426207&sr=8-95,Nike Women's Zoom Winflo 6 Running Shoes,$101.00,4.6,"2,458"
https://www.amazon.com/s?k=nike&page=2,2,nike,https://www.amazon.com/NIKE-Womens-Flyknit-Black-White/dp/B078Y7ZC16/ref=sr_1_96?keywords=nike&qid=1652426207&sr=8-96,Nike Women's Sneaker,$88.66,4.2,483
https://www.amazon.com/s?k=nike&page=2,2,nike,https://www.amazon.com/Nike-Shoes-Cyber-Bright-Crimson/dp/B09RGFRL24/ref=sr_1_97?keywords=nike&qid=1652426207&sr=8-97,Nike Free Run 2 Mens Shoes,$95.74,4.7,4
https://www.amazon.com/s?k=nike&page=2,2,nike,https://www.amazon.com/Nike-Runner-Sneaker-Metallic-Toddler/dp/B07JMNJ431/ref=sr_1_98?keywords=nike&qid=1652426207&sr=8-98,Nike Unisex-Child Star Runner 2 (TDV) Sneaker,$41.00,4.7,"1,604"
https://www.amazon.com/s?k=nike&page=2,2,nike,https://www.amazon.com/Nike-Revolution-Running-Platinum-Dark-Regular/dp/B07NLTYYW8/ref=sr_1_99?keywords=nike&qid=1652426207&sr=8-99,Nike Unisex-Child Revolution 5 Grade School Running Shoe,$74.99,4.7,"3,704"
https://www.amazon.com/s?k=nike&page=2,2,nike,https://www.amazon.com/Nike-Sportswear-Windrunner-Hooded-Windbreaker/dp/B09DRVG38G/ref=sr_1_100?keywords=nike&qid=1652426207&sr=8-100,"Nike Sportswear Windrunner Hooded Windbreaker Men's Jacket (Royal/White, L)",$104.99,4.6,5
https://www.amazon.com/s?k=nike&page=2,2,nike,https://www.amazon.com/Nike-Womens-Pegasus-Running-Shoes/dp/B07ZJL1PV1/ref=sr_1_101?keywords=nike&qid=1652426207&sr=8-101,Nike womens Running Shoes,$108.08,4.5,40
https://www.amazon.com/s?k=nike&page=2,2,nike,https://www.amazon.com/Nike-Sportswear-Short-Jersey-X-Large/dp/B07NJNKHDL/ref=sr_1_103?keywords=nike&qid=1652426207&sr=8-103,Nike Men's Sportswear Club Short Jersey,$41.75,4.6,"3,140"
https://www.amazon.com/s?k=nike&page=2,2,nike,https://www.amazon.com/gp/slredirect/picassoRedirect.html/ref=pa_sp_btf_aps_sr_pg2_1?ie=UTF8&adId=A059356517LVGD0ZNJATO&url=%2FJousen-Athletic-Breathable-Walking-AMY1009%2Fdp%2FB08Z38GY1S%2Fref%3Dsr_1_104_sspa%3Fkeywords%3Dnike%26qid%3D1652426207%26sr%3D8-104-spons%26psc%3D1&qualifier=1652426207&id=1082011993502963&widgetName=sp_btf,Jousen Men's Running Shoes Non Slip Athletic Sneakers for Men Lightweight Sports Tennis Walking Shoes for Men,$27.99,4.3,64
https://www.amazon.com/s?k=nike&page=3,3,nike,https://www.amazon.com/gp/slredirect/picassoRedirect.html/ref=pa_sp_atf_next_aps_sr_pg3_1?ie=UTF8&adId=A0460511NFTXNCXGQNH9&url=%2FMens-Walking-Tennis-Shoes-Comfortbale%2Fdp%2FB08RS7DTK2%2Fref%3Dsr_1_99_sspa%3Fkeywords%3Dnike%26qid%3D1652426208%26sr%3D8-99-spons%26psc%3D1&qualifier=1652426208&id=6744624833237194&widgetName=sp_atf_next,Men's Walking Shoes Running Non Slip Casual Fashion Sneakers,$41.99,4.2,791
https://www.amazon.com/s?k=nike&page=3,3,nike,https://www.amazon.com/Nike-Sportswear-Jacket-Summit-Medium/dp/B07FV4WXRH/ref=sr_1_101?keywords=nike&qid=1652426208&sr=8-101,Nike Sportswear NSW Men's Camo Jacket,$135.09,4.1,12
https://www.amazon.com/s?k=nike&page=3,3,nike,https://www.amazon.com/Nike-Victori-Slide-Print-Style/dp/B08SBMX3FM/ref=sr_1_102?keywords=nike&qid=1652426208&sr=8-102,Nike Victori One Slide Print Mens Style : Cn9678,$31.99,3.9,32
https://www.amazon.com/s?k=nike&page=3,3,nike,https://www.amazon.com/Nike-Running-Black-Anthracite-Womens/dp/B07Y84Q4CP/ref=sr_1_103?keywords=nike&qid=1652426208&sr=8-103,Nike Men's Competition Running Shoes,$81.89,4.6,"2,199"
https://www.amazon.com/s?k=nike&page=3,3,nike,https://www.amazon.com/Nike-Everyday-Training-Sweat-Wicking-Technology/dp/B00K5CVO9O/ref=sr_1_104?keywords=nike&qid=1652426208&sr=8-104,Nike Everyday Cushion Ankle Training Socks (6 Pair),$27.99,4.6,"4,785"
https://www.amazon.com/s?k=nike&page=3,3,nike,https://www.amazon.com/NIKE-Mens-Manoa-Leather-Noir/dp/B005967BNO/ref=sr_1_105?keywords=nike&qid=1652426208&sr=8-105,Nike Men's Manoa Leather Hiking Boot,$126.12,4.6,"1,083"
https://www.amazon.com/s?k=nike&page=3,3,nike,https://www.amazon.com/NIKE-Unisex-Performance-Cushion-Socks/dp/B010TR602K/ref=sr_1_109?keywords=nike&qid=1652426208&sr=8-109,Nike unisex-adult womens mens Performance Cushion Crew Socks With Bag (6 Pack),$29.95,4.7,"4,214"
https://www.amazon.com/s?k=nike&page=3,3,nike,https://www.amazon.com/Nike-Hoodie-Heather-Mattelic-XX-Large/dp/B07KD7K26W/ref=sr_1_110?keywords=nike&qid=1652426208&sr=8-110,Nike Men's Pull Over Hoodie,$64.97,4.7,"1,248"
https://www.amazon.com/s?k=nike&page=3,3,nike,https://www.amazon.com/Nike-React-Infinity-Golf-Ct6620-004/dp/B08PKK3R63/ref=sr_1_111?keywords=nike&qid=1652426208&sr=8-111,Nike React Infinity Pro Golf Shoe Mens Ct6620-106 Size,$110.94,4.0,25
https://www.amazon.com/s?k=nike&page=3,3,nike,https://www.amazon.com/Nike-Womens-Running-Black-Anthracite/dp/B07ZJMK8V5/ref=sr_1_112?keywords=nike&qid=1652426208&sr=8-112,Nike Women's Running Shoe,$107.99,4.6,251
https://www.amazon.com/s?k=nike&page=3,3,nike,https://www.amazon.com/Nike-Sportswear-Futura-T-Shirt-Heather/dp/B09QB98NW5/ref=sr_1_113?keywords=nike&qid=1652426208&sr=8-113,Nike Sportswear Men's Futura Just Do It Short Sleeve T-Shirt,$24.97,3.8,15
https://www.amazon.com/s?k=nike&page=3,3,nike,https://www.amazon.com/Nike-drifit-Cotton-Solid-Medium/dp/B07DYS1H8T/ref=sr_1_114?keywords=nike&qid=1652426208&sr=8-114,Nike Men's Dry Tee,$24.50,4.5,"3,695"
https://www.amazon.com/s?k=nike&page=3,3,nike,https://www.amazon.com/Nike-NS2008-Premium-Lanyard/dp/B088G137NY/ref=sr_1_116?keywords=nike&qid=1652426208&sr=8-116,Nike Premium Lanyard,$18.46,4.2,10
https://www.amazon.com/s?k=nike&page=3,3,nike,https://www.amazon.com/Nike-Womens-Court-Legacy-Slip-Ons/dp/B08VSC4C7F/ref=sr_1_117?keywords=nike&qid=1652426208&sr=8-117,Nike Women's Court Legacy,$59.94,4.5,308
https://www.amazon.com/s?k=nike&page=3,3,nike,https://www.amazon.com/Nike-Stride-Running-Shorts-X-Large/dp/B09SGS9YZV/ref=sr_1_118?keywords=nike&qid=1652426208&sr=8-118,"Nike Men's Flex Stride 7"" 2-in-1 Dri-Fit Running Shorts",$51.63,4.5,6
https://www.amazon.com/s?k=nike&page=3,3,nike,https://www.amazon.com/Nike-Sportswear-Fleece-BV2737-Heather/dp/B07L7RPX27/ref=sr_1_119?keywords=nike&qid=1652426208&sr=8-119,Nike Sportswear Men's Standard Fit Fleece Trousers,$69.88,4.5,"3,936"
https://www.amazon.com/s?k=nike&page=3,3,nike,https://www.amazon.com/Nike-Attack-Womens-Training-Heather/dp/B08NYMFQC6/ref=sr_1_120?keywords=nike&qid=1652426208&sr=8-120,Nike Attack Women's 7/8 Training Pants,$43.30,3.9,24
https://www.amazon.com/s?k=nike&page=3,3,nike,https://www.amazon.com/Nike-Swoosh-White-University-Medium/dp/B07FKPXXHC/ref=sr_1_122?keywords=nike&qid=1652426208&sr=8-122,"Boy's Nike Sportswear ""Just Do It."" T-Shirt",$30.56,4.6,"1,013"
https://www.amazon.com/s?k=nike&page=3,3,nike,https://www.amazon.com/NIKE-Benassi-Athletic-Challenge-Regular/dp/B00CLVNARQ/ref=sr_1_123?keywords=nike&qid=1652426208&sr=8-123,Nike Men's Benassi Just Do It Athletic Sandal,$38.47,4.6,"40,353"
https://www.amazon.com/s?k=nike&page=3,3,nike,https://www.amazon.com/NIKE-Womens-Flyknit-Running-Shoes/dp/B07CG9F7DS/ref=sr_1_124?keywords=nike&qid=1652426208&sr=8-124,Nike womens Free Rn Flyknit 2018,$119.99,4.7,238
https://www.amazon.com/s?k=nike&page=3,3,nike,https://www.amazon.com/gp/slredirect/picassoRedirect.html/ref=pa_sp_mtf_aps_sr_pg3_1?ie=UTF8&adId=A002329025EUOUCE9ZL8X&url=%2FSandals-Slippers-Leather-Handmade-Breathable%2Fdp%2FB09MVGRLVH%2Fref%3Dsr_1_126_sspa%3Fkeywords%3Dnike%26qid%3D1652426208%26sr%3D8-126-spons%26psc%3D1&qualifier=1652426208&id=6744624833237194&widgetName=sp_mtf,Sandals Man Slippers For Men Flip Flops Beach Men's Closed Toe Summer Shoes Leather Handmade Breathable Outdoor Casual Shoe Sport Hiking Work Male Brown Grey Size Sport Driving Loafers,$37.99,2.5,2
https://www.amazon.com/s?k=nike&page=3,3,nike,https://www.amazon.com/gp/slredirect/picassoRedirect.html/ref=pa_sp_mtf_aps_sr_pg3_1?ie=UTF8&adId=A0317690RVUXP8J554G3&url=%2FNike-Dry-fit-Youth-Head%2Fdp%2FB082GHPPK1%2Fref%3Dsr_1_127_sspa%3Fkeywords%3Dnike%26qid%3D1652426208%26sr%3D8-127-spons%26psc%3D1%26smid%3DA3CTYBFB5VWNCH&qualifier=1652426208&id=6744624833237194&widgetName=sp_mtf,Nike Girls Head Tie,$20.84,4.6,10
https://www.amazon.com/s?k=nike&page=3,3,nike,https://www.amazon.com/Nike-Sportswear-Tailored-Everyday-CU4495-010/dp/B0882CM5RD/ref=sr_1_128?keywords=nike&qid=1652426208&sr=8-128,Nike Sportswear Tech Fleece Men's Joggers,$102.00,4.4,37
https://www.amazon.com/s?k=nike&page=3,3,nike,https://www.amazon.com/Nike-Basketball-Metallic-Gold-White-Regular/dp/B07NM2192V/ref=sr_1_129?keywords=nike&qid=1652426208&sr=8-129,Nike Unisex-Child Team Hustle D 9 (Ps) Sneaker,$68.60,4.7,"2,082"
https://www.amazon.com/s?k=nike&page=3,3,nike,https://www.amazon.com/Nike-Downshifter-Platinum-Summit-White/dp/B098PBMKRD/ref=sr_1_130?keywords=nike&qid=1652426208&sr=8-130,Nike Men's Stroke Running Shoe,,4.4,276
https://www.amazon.com/s?k=nike&page=3,3,nike,https://www.amazon.com/Heather-Printed-Fitted-T-Shirt-X-Large/dp/B07DYWB8LC/ref=sr_1_132?keywords=nike&qid=1652426208&sr=8-132,Nike Men's Pro Heather Printed Fitted T-Shirt,,4.5,67
https://www.amazon.com/s?k=nike&page=3,3,nike,https://www.amazon.com/Nike-Dri-FIT-Stripe-Basketball-Shorts/dp/B07DX5313Q/ref=sr_1_133?keywords=nike&qid=1652426208&sr=8-133,Nike Boy's Dry Basketball Short,$32.99,4.5,943
https://www.amazon.com/s?k=nike&page=3,3,nike,https://www.amazon.com/Nike-Sneaker-Metallic-Silver-White-Regular/dp/B07HG9R572/ref=sr_1_134?keywords=nike&qid=1652426208&sr=8-134,Nike Women's Court Lite 2 Tennis Shoe,,4.2,916
https://www.amazon.com/s?k=nike&page=3,3,nike,https://www.amazon.com/Nike-Youth-LeBron-Witness-Basketball/dp/B095XZCWRH/ref=sr_1_135?keywords=nike&qid=1652426208&sr=8-135,Nike Kids Lebron Witness 5 Basketball Shoes Ct4629,$103.36,4.7,71
https://www.amazon.com/s?k=nike&page=3,3,nike,https://www.amazon.com/Nike-Fleece-Washed-Hoodie-Medium/dp/B09DYYLL7G/ref=sr_1_136?keywords=nike&qid=1652426208&sr=8-136,Nike Men's Tech Fleece Washed Full Zip Hoodie,$141.00,4.2,31
https://www.amazon.com/s?k=nike&page=3,3,nike,https://www.amazon.com/Nike-Victory-Training-Fuchsia-X-Small/dp/B087V9TQ2H/ref=sr_1_137?keywords=nike&qid=1652426208&sr=8-137,"Nike Women's Victory Base Layer 5"" Training Shorts",,4.0,6
https://www.amazon.com/s?k=nike&page=3,3,nike,https://www.amazon.com/NIKE-Womens-Running-Shoes-Black/dp/B0761XVP2L/ref=sr_1_138?keywords=nike&qid=1652426208&sr=8-138,Nike womens Sneakers,$102.40,4.6,89
https://www.amazon.com/s?k=nike&page=3,3,nike,https://www.amazon.com/Nike-Mens-Futura-College-X-Large/dp/B09MTZ3GS6/ref=sr_1_139?keywords=nike&qid=1652426208&sr=8-139,Nike Sportswear Men's Logo T-Shirt,$26.40,4.6,171
https://www.amazon.com/s?k=nike&page=3,3,nike,https://www.amazon.com/Nike-Dri-Fit-Performance-Toddler-Toddler-3/dp/B07KCDC1V2/ref=sr_1_140?keywords=nike&qid=1652426208&sr=8-140,Nike Little Boy's 6-Pairs Young Athletes,$20.00,4.6,104
https://www.amazon.com/s?k=nike&page=3,3,nike,https://www.amazon.com/Nike-Renew-Light-Smoke-Orange/dp/B07YB7BY74/ref=sr_1_141?keywords=nike&qid=1652426208&sr=8-141,Nike Renew Run (gs) Big Kids Casual Running Shoes Ct1430-070 Size 7,$67.37,5.0,1
https://www.amazon.com/s?k=nike&page=3,3,nike,https://www.amazon.com/Nike-Zoom-Pegasus-Running-Cj0677-003/dp/B08PDTWBQS/ref=sr_1_142?keywords=nike&qid=1652426208&sr=8-142,Nike Air Zoom Pegasus 37 Tb Running Mens Shoe Cj0677-003 Size 14,$147.14,5.0,2
https://www.amazon.com/s?k=nike&page=3,3,nike,https://www.amazon.com/Nike-Womens-Pro-Crop-Tights/dp/B07FKCKQV6/ref=sr_1_143?keywords=nike&qid=1652426208&sr=8-143,Nike Women's Pro Crops Tights,$64.99,4.6,328
https://www.amazon.com/s?k=nike&page=3,3,nike,https://www.amazon.com/Nike-Boys-Basketball-Black-White/dp/B08Q8R897B/ref=sr_1_144?keywords=nike&qid=1652426208&sr=8-144,Nike mens Sneaker,$168.95,4.6,390
https://www.amazon.com/s?k=nike&page=3,3,nike,https://www.amazon.com/Nike-Womens-Vision-Sneaker-Regular/dp/B07NL9Q5Z7/ref=sr_1_145?keywords=nike&qid=1652426208&sr=8-145,Nike Women's Training Walking Shoe,,4.4,"3,047"
https://www.amazon.com/s?k=nike&page=3,3,nike,https://www.amazon.com/Nike-Training-Walking-Black-Womens/dp/B082R6PQVW/ref=sr_1_146?keywords=nike&qid=1652426208&sr=8-146,Nike Men's Road Running Shoe,$70.00,4.2,100
https://www.amazon.com/s?k=nike&page=3,3,nike,https://www.amazon.com/NIKE-Flyknit-Black-White-Running/dp/B078Y99XB8/ref=sr_1_147?keywords=nike&qid=1652426208&sr=8-147,Nike Men's Free RN Flyknit Running Shoe,$132.00,4.6,"2,467"
https://www.amazon.com/s?k=nike&page=3,3,nike,https://www.amazon.com/Nike-Womens-Experience-Pink-Smoke-Regular/dp/B07RDMBS9K/ref=sr_1_149?keywords=nike&qid=1652426208&sr=8-149,Nike Women's Flex Experience Run 9 Shoe,,4.5,"1,402"
https://www.amazon.com/s?k=nike&page=3,3,nike,https://www.amazon.com/Dri-FIT-Low-Cut-Training-Medium-Womens/dp/B07BR4DWHG/ref=sr_1_150?keywords=nike&qid=1652426208&sr=8-150,"NIKE Dri-Fit Training Cotton Cushioned Crew Socks (Large, White)",$38.35,4.6,98
https://www.amazon.com/s?k=nike&page=3,3,nike,https://www.amazon.com/Nike-Force-Sneakers-White-314195-113/dp/B002CC7EVW/ref=sr_1_151?keywords=nike&qid=1652426208&sr=8-151,Nike Boys' Air Force 1 Trainers,$147.97,4.6,"6,180"
https://www.amazon.com/s?k=nike&page=3,3,nike,https://www.amazon.com/gp/slredirect/picassoRedirect.html/ref=pa_sp_btf_aps_sr_pg3_1?ie=UTF8&adId=A0389769VUSZVEA80EPB&url=%2FNike-Mens-Quest-Running-Shoes%2Fdp%2FB07L9BLSTS%2Fref%3Dsr_1_152_sspa%3Fkeywords%3Dnike%26qid%3D1652426208%26sr%3D8-152-spons%26psc%3D1%26smid%3DA3TW1RL8HZHPMP&qualifier=1652426208&id=6744624833237194&widgetName=sp_btf,Nike Men's Trail Running Shoes,$84.09,4.6,"1,045"
https://www.amazon.com/s?k=nike&page=3,3,nike,https://www.amazon.com/gp/slredirect/picassoRedirect.html/ref=pa_sp_btf_aps_sr_pg3_1?ie=UTF8&adId=A04846522LF8MGGBCQ0WB&url=%2FPendleton-Nike-N7-Blanket-Robe%2Fdp%2FB00EYPJCCO%2Fref%3Dsr_1_153_sspa%3Fkeywords%3Dnike%26qid%3D1652426208%26sr%3D8-153-spons%26psc%3D1%26smid%3DA1SHEH29Q5LXT4&qualifier=1652426208&id=6744624833237194&widgetName=sp_btf,"Pendleton - Nike N7 Blanket Robe, Nike N7 Black",$329.00,4.9,17
https://www.amazon.com/s?k=nike&page=4,4,nike,https://www.amazon.com/gp/slredirect/picassoRedirect.html/ref=pa_sp_atf_next_aps_sr_pg4_1?ie=UTF8&adId=A08971982D9NFVP8BASA3&url=%2FJoomra-Slippers-Massage-Cushion-Bathroom%2Fdp%2FB0965322N2%2Fref%3Dsr_1_148_sspa%3Fkeywords%3Dnike%26qid%3D1652426209%26sr%3D8-148-spons%26psc%3D1&qualifier=1652426209&id=4405665436511292&widgetName=sp_atf_next,Joomra Pillow Slippers for Women and Men Non Slip Quick Drying Shower Slides Bathroom Sandals | Ultra Cushion | Thick Sole,$19.99,4.4,"5,101"
https://www.amazon.com/s?k=nike&page=4,4,nike,https://www.amazon.com/Nike-Womens-High-Rise-Leggings-Black/dp/B08NYLSVPW/ref=sr_1_151?keywords=nike&qid=1652426209&sr=8-151,Nike Pro 365 Women's High-Rise 7/8 Leggingsâ€¦,$44.67,4.4,133
https://www.amazon.com/s?k=nike&page=4,4,nike,https://www.amazon.com/Nike-React-Phantom-Womens-Shoes/dp/B08PKHRNQ2/ref=sr_1_155?keywords=nike&qid=1652426209&sr=8-155,Nike React Phantom Run Fk 2 Womens Shoes,$120.60,4.5,4
https://www.amazon.com/s?k=nike&page=4,4,nike,https://www.amazon.com/Nike-Club-Training-Joggers-Small/dp/B08R7VWBTT/ref=sr_1_160?keywords=nike&qid=1652426209&sr=8-160,Nike Club Men's Training Joggers,$49.99,4.6,431
https://www.amazon.com/s?k=nike&page=4,4,nike,https://www.amazon.com/Nike-Trainers-Sneakers-Cashmere-Aluminium/dp/B09PVL3666/ref=sr_1_161?keywords=nike&qid=1652426209&sr=8-161,Nike Women's Crater Impact Running Shoe,$97.48,4.5,22
https://www.amazon.com/s?k=nike&page=4,4,nike,https://www.amazon.com/Nike-Womens-Dri-fit-Tempo-Track/dp/B01FZ029D0/ref=sr_1_162?keywords=nike&qid=1652426209&sr=8-162,Nike Women's Dri-fit Tempo Track 3.5 Short,$26.99,4.6,190
https://www.amazon.com/s?k=nike&page=4,4,nike,https://www.amazon.com/Nike-Motion-Mens-Ao0266-004-Size/dp/B07DST67HC/ref=sr_1_163?keywords=nike&qid=1652426209&sr=8-163,NIKE Men's RunAllDay Running Shoes,$123.90,4.5,"2,757"
https://www.amazon.com/s?k=nike&page=4,4,nike,https://www.amazon.com/Nike-Air-Max-90-Womens/dp/B083XDSLVN/ref=sr_1_165?keywords=nike&qid=1652426209&sr=8-165,"Nike Air Max 90 - Women's, Black/White-black, 7.5",$174.39,4.6,37
https://www.amazon.com/s?k=nike&page=4,4,nike,https://www.amazon.com/Nike-Mens-Air-Goadome-Boots/dp/B09PFVJNS2/ref=sr_1_166?keywords=nike&qid=1652426209&sr=8-166,Nike Mens Air Max Goadome SE Boots,$253.00,5.0,1
https://www.amazon.com/s?k=nike&page=4,4,nike,https://www.amazon.com/Nike-Womens-Axis-AA2168-Numeric_8/dp/B078HGLY81/ref=sr_1_168?keywords=nike&qid=1652426209&sr=8-168,Nike Women's Low-Top Sneakers,$104.99,4.3,430
https://www.amazon.com/s?k=nike&page=4,4,nike,https://www.amazon.com/Nike-Sportswear-Graphic-X-Large-Crimson/dp/B09XWPGVN9/ref=sr_1_169?keywords=nike&qid=1652426209&sr=8-169,Nike Sportswear Men's Long Sleeve Graphic T Shirt,$20.00,4.4,137
https://www.amazon.com/s?k=nike&page=4,4,nike,https://www.amazon.com/Nike-Sportswear-Vintage-Hoodie-Black/dp/B08MCNHMJY/ref=sr_1_170?keywords=nike&qid=1652426209&sr=8-170,WOMEN'S NIKE SW GYM VINTAGE FULL ZIP HOODIE,$69.99,4.6,34
https://www.amazon.com/s?k=nike&page=4,4,nike,https://www.amazon.com/Nike-Essential-Briefs-KE1015-001-Medium/dp/B09NNF69C5/ref=sr_1_171?keywords=nike&qid=1652426209&sr=8-171,Nike Men`s Essential Micro Boxer Briefs 3 Pack,$41.49,4.7,12
https://www.amazon.com/s?k=nike&page=4,4,nike,https://www.amazon.com/NIKE-Unisex-Performance-Cushion-Training/dp/B008F0JJF4/ref=sr_1_172?keywords=nike&qid=1652426209&sr=8-172,NIKE Performance Cushion Crew Training Socks (3 Pairs),$26.65,4.6,"4,771"
https://www.amazon.com/s?k=nike&page=4,4,nike,https://www.amazon.com/gp/slredirect/picassoRedirect.html/ref=pa_sp_mtf_aps_sr_pg4_1?ie=UTF8&adId=A08117356CVQBO6Z8QD6&url=%2FNike-Womens-Running-Shorts-XX-Large%2Fdp%2FB07M6HL3S2%2Fref%3Dsr_1_175_sspa%3Fkeywords%3Dnike%26qid%3D1652426209%26sr%3D8-175-spons%26psc%3D1%26smid%3DA2C1GJNB4OKD5U&qualifier=1652426209&id=4405665436511292&widgetName=sp_mtf,Nike Womens Tempo Running Shorts,$31.13,5.0,1
https://www.amazon.com/s?k=nike&page=4,4,nike,https://www.amazon.com/Nike-Hyperwarm-Hydropull-Hood-Balaclava/dp/B0959JT4PV/ref=sr_1_176?keywords=nike&qid=1652426209&sr=8-176,Nike PRO Hyperwarm Hydropull Hood Balaclava - Unisex - Dri-Fit Techlonogy (Black),$79.00,4.6,114
https://www.amazon.com/s?k=nike&page=4,4,nike,https://www.amazon.com/Nike-Training-3inch-Shorts-CZ9857-011/dp/B08NYHR7X9/ref=sr_1_178?keywords=nike&qid=1652426209&sr=8-178,Nike Womens Pro 3 Inch Compression Shorts,,4.6,84
https://www.amazon.com/s?k=nike&page=4,4,nike,https://www.amazon.com/Nike-Elemental-Backpack-Black-White/dp/B09F33ZFW4/ref=sr_1_179?keywords=nike&qid=1652426209&sr=8-179,"Nike Elemental Backpack (One Size, Black/Black/White)",$52.42,4.6,3
https://www.amazon.com/s?k=nike&page=4,4,nike,https://www.amazon.com/Nike-React-Running-Trainers-Stadium/dp/B09TWTBG6S/ref=sr_1_180?keywords=nike&qid=1652426209&sr=8-180,Nike React Live PRM Mens Running Trainers Cz9081 Sneakers Shoes,$100.00,5.0,1
https://www.amazon.com/s?k=nike&page=4,4,nike,https://www.amazon.com/Nike-Womens-Shorts-Black-White/dp/B08NYKFRNG/ref=sr_1_182?keywords=nike&qid=1652426209&sr=8-182,"Nike Pro 365 Women's 5"" Shorts",$43.99,4.6,132
https://www.amazon.com/s?k=nike&page=4,4,nike,https://www.amazon.com/Trainers-Sneakers-Shoes-537732-Black/dp/B09MYDMCM6/ref=sr_1_183?keywords=nike&qid=1652426209&sr=8-183,Nike Free Run 2 Men's Trainers Sneakers Shoes 537732 (Black/Dark Grey/White 004),$125.00,4.4,7
https://www.amazon.com/s?k=nike&page=4,4,nike,https://www.amazon.com/Nike-Swoosh-Full-Zip-Hoodie-Black/dp/B01N8VSU4V/ref=sr_1_184?keywords=nike&qid=1652426209&sr=8-184,Nike Men's Club Swoosh Full Zip Fleece Hoodie,$98.82,4.7,"1,715"
https://www.amazon.com/s?k=nike&page=4,4,nike,https://www.amazon.com/Nike-Winflo-Running-Sneakers-Black-Anthracite/dp/B07H8HTGYR/ref=sr_1_185?keywords=nike&qid=1652426209&sr=8-185,Nike Men's Running Shoes,$129.90,4.5,527
https://www.amazon.com/s?k=nike&page=4,4,nike,https://www.amazon.com/Nike-Mens-Reax-Training-Black/dp/B07DCNCPTR/ref=sr_1_186?keywords=nike&qid=1652426209&sr=8-186,Nike Reax 8 TR Men's Cross-Trainers Athletic Sneakers Shoes,$129.11,4.4,980
https://www.amazon.com/s?k=nike&page=4,4,nike,https://www.amazon.com/Nike-Unisex-Everyday-Cushion-Medium/dp/B07FKHK2H9/ref=sr_1_187?keywords=nike&qid=1652426209&sr=8-187,Nike Everyday Cushion No Show Socks,$29.37,4.6,"4,856"
https://www.amazon.com/s?k=nike&page=4,4,nike,https://www.amazon.com/Nike-Womens-Pegasus-Running-Bq9647-009/dp/B08GJ4FPCD/ref=sr_1_188?keywords=nike&qid=1652426209&sr=8-188,Nike Women's Running Shoes,$113.54,4.6,"2,153"
https://www.amazon.com/s?k=nike&page=4,4,nike,https://www.amazon.com/NIKE-Womens-Flyknit-Running-Anthracite/dp/B003QJA2CI/ref=sr_1_189?keywords=nike&qid=1652426209&sr=8-189,Nike Womens Free RN Flyknit 2018 Running Shoes (8.5) Black/Anthracite,$159.64,4.2,23
https://www.amazon.com/s?k=nike&page=4,4,nike,https://www.amazon.com/Nike-Dri-fit-Victory-Black-XX-Large/dp/B07RYBGWTR/ref=sr_1_190?keywords=nike&qid=1652426209&sr=8-190,Nike Men's Dri-fit Victory Polo,$63.40,4.6,436
https://www.amazon.com/s?k=nike&page=4,4,nike,https://www.amazon.com/Nike-Kyrie-Flytrap-Basketball-Yellow/dp/B08JLR667K/ref=sr_1_191?keywords=nike&qid=1652426209&sr=8-191,Nike Men's Kyrie Flytrap IV Basketball Shoe,$149.95,4.5,348
https://www.amazon.com/s?k=nike&page=4,4,nike,https://www.amazon.com/Nike-Men%60s-Essential-Briefs-KE1026-001/dp/B09P62JT95/ref=sr_1_192?keywords=nike&qid=1652426209&sr=8-192,Nike Men`s Essential Micro Long Leg Boxer Briefs 3 Pack,$42.00,4.5,25
https://www.amazon.com/s?k=nike&page=4,4,nike,https://www.amazon.com/Nike-Sportswear-Graphic-Sleeve-T-Shirt/dp/B09NB1TPL4/ref=sr_1_193?keywords=nike&qid=1652426209&sr=8-193,Nike Sportswear Men's Air Box Logo Short Sleeve T-Shirt,$34.99,4.5,104
https://www.amazon.com/s?k=nike&page=4,4,nike,https://www.amazon.com/Nike-Womens-Tempo-Short-Heather/dp/B07FKCQ2TZ/ref=sr_1_195?keywords=nike&qid=1652426209&sr=8-195,Nike Women's Dri-Fit Tempo Running Shorts,$34.99,4.6,938
https://www.amazon.com/s?k=nike&page=4,4,nike,https://www.amazon.com/Nike-Sweatshirt-Polyester-Training-XX-Large/dp/B094184DB3/ref=sr_1_196?keywords=nike&qid=1652426209&sr=8-196,Nike Mens Therma Pullover Swoosh Training Hoodie,$53.89,4.7,131
https://www.amazon.com/s?k=nike&page=4,4,nike,https://www.amazon.com/Nike-Womens-Shortsleeve-T-Shirt-nkCU7599/dp/B08P9RRVZ3/ref=sr_1_197?keywords=nike&qid=1652426209&sr=8-197,Nike Womens Short Sleeve Legend T,$29.99,4.4,46
https://www.amazon.com/s?k=nike&page=4,4,nike,https://www.amazon.com/Nike-Womens-Pegasus-Running-Bq9647-009/dp/B08GGZZV28/ref=sr_1_198?keywords=nike&qid=1652426209&sr=8-198,Nike Womens Air Zoom Pegasus 37 Casual Running Shoe Womens Bq9647-009 Size 9.5,$102.75,3.9,3
https://www.amazon.com/s?k=nike&page=4,4,nike,https://www.amazon.com/Nike-Womens-React-Flyknit-Bq8927-003/dp/B004A9FDMW/ref=sr_1_199?keywords=nike&qid=1652426209&sr=8-199,"Nike Men's Training Shoes, Plum Dust Black Pink Blast, 0",$101.53,4.6,359
https://www.amazon.com/s?k=nike&page=4,4,nike,https://www.amazon.com/gp/slredirect/picassoRedirect.html/ref=pa_sp_btf_aps_sr_pg4_1?ie=UTF8&adId=A0687127BBKV90KBQVNV&url=%2FVapor-Football-Towel-Black-White%2Fdp%2FB075ZRHZSM%2Fref%3Dsr_1_200_sspa%3Fkeywords%3Dnike%26qid%3D1652426209%26sr%3D8-200-spons%26psc%3D1%26smid%3DA38NC52YZMEYGW&qualifier=1652426209&id=4405665436511292&widgetName=sp_btf,Nike Vapor Football Towel,$19.99,4.6,149
https://www.amazon.com/s?k=nike&page=4,4,nike,https://www.amazon.com/gp/slredirect/picassoRedirect.html/ref=pa_sp_btf_aps_sr_pg4_1?ie=UTF8&adId=A089146435BGZU6UVDKVY&url=%2FHiking-Sandals-Lightweight-Walking-Support%2Fdp%2FB0912PXNDL%2Fref%3Dsr_1_201_sspa%3Fkeywords%3Dnike%26qid%3D1652426209%26sr%3D8-201-spons%26psc%3D1&qualifier=1652426209&id=4405665436511292&widgetName=sp_btf,Mens Hiking Sandals Sport Sandal Lightweight Trail Walking Shoes for Beach Water Arch Support,$36.99,4.0,557
https://www.amazon.com/s?k=nike&page=5,5,nike,https://www.amazon.com/gp/slredirect/picassoRedirect.html/ref=pa_sp_atf_next_aps_sr_pg5_1?ie=UTF8&adId=A03591622UIKX5R2Z5QGF&url=%2FAthletic-Running-Lightweight-Sneakers-BlackRed%2Fdp%2FB089SVPCTQ%2Fref%3Dsr_1_193_sspa%3Fkeywords%3Dnike%26qid%3D1652426211%26sr%3D8-193-spons%26psc%3D1&qualifier=1652426211&id=4389945933265680&widgetName=sp_atf_next,Autper Mens Air Athletic Running Tennis Shoes Lightweight Sport Gym Jogging Walking Sneakers US 6.5-US12.5,$39.99,4.1,"7,965"
https://www.amazon.com/s?k=nike&page=5,5,nike,https://www.amazon.com/gp/slredirect/picassoRedirect.html/ref=pa_sp_atf_next_aps_sr_pg5_1?ie=UTF8&adId=A028425515JYJK33O6KZC&url=%2FCADMUS-Sweatshirt-Hoodies-Running-X-Large%2Fdp%2FB08S3GJN41%2Fref%3Dsr_1_194_sspa%3Fkeywords%3Dnike%26qid%3D1652426211%26sr%3D8-194-spons%26psc%3D1&qualifier=1652426211&id=4389945933265680&widgetName=sp_atf_next,CADMUS Women's Casual Long Sleeve Crop Top Sweatshirt Hoodies for Running 1 or 2 Pack,$31.98,4.5,477
https://www.amazon.com/s?k=nike&page=5,5,nike,https://www.amazon.com/gp/slredirect/picassoRedirect.html/ref=pa_sp_atf_next_aps_sr_pg5_1?ie=UTF8&adId=A00004302EQBMWJENIJNA&url=%2FLugz-Clipper-Fashion-Sneaker-Charcoal%2Fdp%2FB09NQTZVXC%2Fref%3Dsr_1_196_sspa%3Fkeywords%3Dnike%26qid%3D1652426211%26sr%3D8-196-spons%26psc%3D1&qualifier=1652426211&id=4389945933265680&widgetName=sp_atf_next,Lugz Men's Clipper Sneaker,$39.99,4.4,"22,286"
https://www.amazon.com/s?k=nike&page=5,5,nike,https://www.amazon.com/Nike-Casual-Running-Cw7415-003-Black/dp/B0965QV6XH/ref=sr_1_204?keywords=nike&qid=1652426211&sr=8-204,Nike Flex Plus Kids Casual Running Shoe,$90.00,4.6,51
https://www.amazon.com/s?k=nike&page=5,5,nike,https://www.amazon.com/Nike-Essential-Short-Sleeve-Hydroguard/dp/B07XHXRXYK/ref=sr_1_205?keywords=nike&qid=1652426211&sr=8-205,Nike Essential Short Sleeve Hydroguard,$29.29,4.6,603
https://www.amazon.com/s?k=nike&page=5,5,nike,https://www.amazon.com/NIKE-Free-RN-Running-Sneakers-Anthracite/dp/B075ZYQHNP/ref=sr_1_207?keywords=nike&qid=1652426211&sr=8-207,NIKE Mens Free-RN 2018 Running Sneakers Black/Anthracite (14 D(M) US),$128.99,4.2,27
https://www.amazon.com/s?k=nike&page=5,5,nike,https://www.amazon.com/Nike-Womens-Classic-Trainers-Sneakers/dp/B01FKMJGYS/ref=sr_1_208?keywords=nike&qid=1652426211&sr=8-208,Nike Womens Tennis Classic Trainers Shoes 312498,$74.99,4.4,264
https://www.amazon.com/s?k=nike&page=5,5,nike,https://www.amazon.com/Nike-Shane-Mens-Skate-Bv0657-003/dp/B084DJ3L1M/ref=sr_1_209?keywords=nike&qid=1652426211&sr=8-209,Nike Sb Shane Mens Skate Shoe Bv0657-003 Size 9,,5.0,8
https://www.amazon.com/s?k=nike&page=5,5,nike,https://www.amazon.com/Nike-React-Phantom-Running-Cj0277-003/dp/B08KSF7LQN/ref=sr_1_210?keywords=nike&qid=1652426211&sr=8-210,Nike Mens React Phantom Run Fk 2 Running Shoe Cj0277,$200.00,4.5,72
https://www.amazon.com/s?k=nike&page=5,5,nike,https://www.amazon.com/Nike-Benassi-Slide-Sandal-Hyper/dp/B07H7SDSQR/ref=sr_1_211?keywords=nike&qid=1652426211&sr=8-211,Nike Men's Benassi Just Do It Slide Sandal,$39.99,4.6,"6,482"
https://www.amazon.com/s?k=nike&page=5,5,nike,https://www.amazon.com/Nike-Everyday-Cotton-Cushioned-Dri-Fit/dp/B07FKCK72Q/ref=sr_1_212?keywords=nike&qid=1652426211&sr=8-212,Nike Everyday Cushioned Ankle Training Socks (6 Pair),$44.99,4.6,78
https://www.amazon.com/s?k=nike&page=5,5,nike,https://www.amazon.com/NIKE-6-pk-Low-Cut-Performance-Socks/dp/B07C66WJJM/ref=sr_1_213?keywords=nike&qid=1652426211&sr=8-213,"Nike Men's 6-pk. Low-Cut Performance Socks, S 8-12",$29.50,4.5,216
https://www.amazon.com/s?k=nike&page=5,5,nike,https://www.amazon.com/Nike-Womens-Everyday-Lightweight-No-Show/dp/B072F27H3S/ref=sr_1_214?keywords=nike&qid=1652426211&sr=8-214,Nike Women's Everyday Lightweight No-Show Socks (6 Pair),$25.96,4.6,"2,447"
https://www.amazon.com/s?k=nike&page=5,5,nike,https://www.amazon.com/Nike-Jordan-Reverse-Basketball-Shoes/dp/B08CVRQW69/ref=sr_1_215?keywords=nike&qid=1652426211&sr=8-215,Nike Men's Basketball Shoes,$118.86,4.7,278
https://www.amazon.com/s?k=nike&page=5,5,nike,https://www.amazon.com/Nike-Dri-FIT-Performance-Briefs-KE1028-001/dp/B09GX6HC4F/ref=sr_1_216?keywords=nike&qid=1652426211&sr=8-216,Nike Men`s Dri-FIT Flex Micro Performance Boxer Briefs 3 Pack,$41.83,4.7,232
https://www.amazon.com/s?k=nike&page=5,5,nike,https://www.amazon.com/Nike-Challenger-Dri-FIT-Running-X-Large/dp/B07FKDHYM5/ref=sr_1_217?keywords=nike&qid=1652426211&sr=8-217,"Nike Challenger Shorts 7"" BF",$65.00,4.4,477
https://www.amazon.com/s?k=nike&page=5,5,nike,https://www.amazon.com/Nike-Essential-Running-Trainers-Sneakers/dp/B07YKQ66GQ/ref=sr_1_218?keywords=nike&qid=1652426211&sr=8-218,"Nike Women's Gym Road Running Shoe, US-0 / Asia Size s",$74.00,5.0,5
https://www.amazon.com/s?k=nike&page=5,5,nike,https://www.amazon.com/Nike-Kyrie-Flytrap-BQ5620-Numeric_7/dp/B07TF3FQS3/ref=sr_1_219?keywords=nike&qid=1652426211&sr=8-219,Nike Kids Kyrie Flytrap Iii (ps) Causal Basketball Shoes Bq5621,$95.99,4.6,"1,071"
https://www.amazon.com/s?k=nike&page=5,5,nike,https://www.amazon.com/Nike-Elite-Basketball-Socks-Black/dp/B07V9X76HX/ref=sr_1_220?keywords=nike&qid=1652426211&sr=8-220,"Nike Elite Basketball Crew Socks 3 Pack (Black/White, Large)",$34.64,4.6,100
https://www.amazon.com/s?k=nike&page=5,5,nike,https://www.amazon.com/gp/slredirect/picassoRedirect.html/ref=pa_sp_mtf_aps_sr_pg5_1?ie=UTF8&adId=A02084571H1IKDFFURXXL&url=%2FLeather-Sandals-Outdoor-Waterproof-Support%2Fdp%2FB08T92PQY3%2Fref%3Dsr_1_222_sspa%3Fkeywords%3Dnike%26qid%3D1652426211%26sr%3D8-222-spons%26psc%3D1&qualifier=1652426211&id=4389945933265680&widgetName=sp_mtf,Mens Leather Sandals Open Toe Outdoor Hiking Sport Sandals Waterproof Summer Beach Shoes with Arch Support,$39.99,4.4,296
https://www.amazon.com/s?k=nike&page=5,5,nike,https://www.amazon.com/gp/slredirect/picassoRedirect.html/ref=pa_sp_mtf_aps_sr_pg5_1?ie=UTF8&adId=A077381113GXUO4IU80VQ&url=%2FNike-Boys-Hoodie-Black-4%2Fdp%2FB07HMZ2P1R%2Fref%3Dsr_1_223_sspa%3Fkeywords%3Dnike%26qid%3D1652426211%26sr%3D8-223-spons%26psc%3D1%26smid%3DA1HMN7AKEN5L0F&qualifier=1652426211&id=4389945933265680&widgetName=sp_mtf,"Nike Boys' Hoodie - black, 4",$33.00,,
https://www.amazon.com/s?k=nike&page=5,5,nike,https://www.amazon.com/Nike-Training-Shorts-Black-Medium/dp/B07TBSNNDG/ref=sr_1_224?keywords=nike&qid=1652426211&sr=8-224,Nike Men's Pro Flex Vent Max Training Shorts,$54.99,4.5,15
https://www.amazon.com/s?k=nike&page=5,5,nike,https://www.amazon.com/Nike-Force-Nature-Triple-White/dp/B09BN2KBYR/ref=sr_1_225?keywords=nike&qid=1652426211&sr=8-225,Nike Air Force 1 '07 Next Nature Triple White Size 9,$153.10,,
https://www.amazon.com/s?k=nike&page=5,5,nike,https://www.amazon.com/Nike-Sweatpant-Heritage-Tracksuit-Bottoms/dp/B01A8D400O/ref=sr_1_226?keywords=nike&qid=1652426211&sr=8-226,Nike Air Sweatpant Jog Pant AW77 Heritage Fleece Tracksuit Bottoms Grey 727369 063 New,$54.95,4.5,349
https://www.amazon.com/s?k=nike&page=5,5,nike,https://www.amazon.com/Nike-Womens-Sportswear-Futura-Sleeve/dp/B09R82NGBF/ref=sr_1_227?keywords=nike&qid=1652426211&sr=8-227,Nike Men's T-Shirt 100% Cotton DC8759,$23.99,3.9,27
https://www.amazon.com/s?k=nike&page=5,5,nike,https://www.amazon.com/Nike-Vision-Fashion-Casual-Cd5466-200/dp/B08GJ384CM/ref=sr_1_228?keywords=nike&qid=1652426211&sr=8-228,Nike Men's Court Vision Mid Sneaker,$114.63,4.5,"3,354"
https://www.amazon.com/s?k=nike&page=5,5,nike,https://www.amazon.com/Nike-Victori-Slide-Print-Womens/dp/B09P52HMX2/ref=sr_1_229?keywords=nike&qid=1652426211&sr=8-229,Nike Victori One Slide Print Women's Sandal Shoes,$39.66,4.3,139
https://www.amazon.com/s?k=nike&page=5,5,nike,https://www.amazon.com/Nike-Everyday-Cotton-Stretch-KE1107-001/dp/B09NPVV4QQ/ref=sr_1_230?keywords=nike&qid=1652426211&sr=8-230,Nike Men`s Everyday Cotton Stretch Boxer Briefs 3 Pack,$39.94,4.6,59
https://www.amazon.com/s?k=nike&page=5,5,nike,https://www.amazon.com/Nike-Metcon-Sport-Training-Orange/dp/B07NWK7LP1/ref=sr_1_231?keywords=nike&qid=1652426211&sr=8-231,Nike Metcon Sport,$120.94,4.5,"1,408"
https://www.amazon.com/s?k=nike&page=5,5,nike,https://www.amazon.com/Nike-Tanjun-Black-Black-Barely-Volt/dp/B09K5S6QH7/ref=sr_1_232?keywords=nike&qid=1652426211&sr=8-232,Nike Men's Sports and Outdoor Shoes,$70.91,4.2,16
https://www.amazon.com/s?k=nike&page=5,5,nike,https://www.amazon.com/Nike-Crater-Impact-Running-Grey-off/dp/B0996BQZLJ/ref=sr_1_233?keywords=nike&qid=1652426211&sr=8-233,Nike Crater Impact Men's Running Shoes,$64.95,4.0,5
https://www.amazon.com/s?k=nike&page=5,5,nike,https://www.amazon.com/Nike-Hoodie-Black-White-Small/dp/B07KD914Q8/ref=sr_1_234?keywords=nike&qid=1652426211&sr=8-234,Nike Boys NSW Club Full Zip Hoodie,$45.50,4.3,"2,416"
https://www.amazon.com/s?k=nike&page=5,5,nike,https://www.amazon.com/Nike-Hippie-Running-Trainers-Sneakers/dp/B09RBCFZB5/ref=sr_1_235?keywords=nike&qid=1652426211&sr=8-235,Nike Space Hippie 04 Mens Running Trainers Cz6398 Sneakers Shoes,$110.00,4.3,8
https://www.amazon.com/s?k=nike&page=5,5,nike,https://www.amazon.com/Nike-Womens-Black-White-X-Small/dp/B07GXB1SZF/ref=sr_1_236?keywords=nike&qid=1652426211&sr=8-236,Nike Women's All-in Crop,$39.00,4.6,641
https://www.amazon.com/s?k=nike&page=5,5,nike,https://www.amazon.com/Nike-Reposto-Womens-Running-Cz5630-002/dp/B08BKLDZHZ/ref=sr_1_237?keywords=nike&qid=1652426211&sr=8-237,Nike Women's Reposto Black/Iron Grey-Dk Smoke Grey (CZ5630 002) - 8.5,$102.37,4.7,37
https://www.amazon.com/s?k=nike&page=5,5,nike,https://www.amazon.com/Nike-Dri-FIT-Womens-Mid-Rise-Leggings/dp/B099S8NTZJ/ref=sr_1_238?keywords=nike&qid=1652426211&sr=8-238,Nike Dri-FIT One Women's Mid-Rise Camo Leggings,$39.24,5.0,3
https://www.amazon.com/s?k=nike&page=5,5,nike,https://www.amazon.com/Nike-Revolution-Running-Psychic-Pink-Dark/dp/B07NLY7NFH/ref=sr_1_239?keywords=nike&qid=1652426211&sr=8-239,Nike Women's Revolution 5 Wide Running Shoe,$89.20,4.6,"14,860"
https://www.amazon.com/s?k=nike&page=5,5,nike,https://www.amazon.com/Nike-Futura-Sportswear-T-Shirt-Large/dp/B08B34NQZ2/ref=sr_1_240?keywords=nike&qid=1652426211&sr=8-240,Nike Men Futura Sportswear Logo T-Shirt,$25.58,4.6,504
https://www.amazon.com/s?k=nike&page=5,5,nike,https://www.amazon.com/Nike-Kyrie-Flytrap-Mens-Bq5620-400/dp/B07YB7MKXP/ref=sr_1_241?keywords=nike&qid=1652426211&sr=8-241,Nike Boys Kyrie Flytrap LLL Big Kid Basketball Shoes Navy 6 Medium (D) Big Kid,$72.09,4.2,26
https://www.amazon.com/s?k=nike&page=5,5,nike,https://www.amazon.com/Nike-Mens-Wearallday-Sneaker-Green/dp/B08CZ7NB7F/ref=sr_1_243?keywords=nike&qid=1652426211&sr=8-243,Nike Men's Low-top Sneakers,$121.98,4.3,120
https://www.amazon.com/s?k=nike&page=5,5,nike,https://www.amazon.com/Nike-Womens-Running-Shorts-Reflective/dp/B07TKCV3CN/ref=sr_1_244?keywords=nike&qid=1652426211&sr=8-244,"Nike Fast Shorts 7""",$42.00,4.5,46
https://www.amazon.com/s?k=nike&page=5,5,nike,https://www.amazon.com/Nike-Split-Volley-Short-University/dp/B07TT8JWVF/ref=sr_1_245?keywords=nike&qid=1652426211&sr=8-245,"Nike Men's Standard 9"" Split Volley Short Swim Trunk",$42.95,4.5,185
https://www.amazon.com/s?k=nike&page=5,5,nike,https://www.amazon.com/Nike-Unisex_Adult-Backpack-Blue-DD0559-480/dp/B098QLK39S/ref=sr_1_247?keywords=nike&qid=1652426211&sr=8-247,"Nike Unisex_Adult Backpack, Blue, DD0559-480",$49.98,4.3,16
https://www.amazon.com/s?k=nike&page=6,6,nike,https://www.amazon.com/gp/slredirect/picassoRedirect.html/ref=pa_sp_atf_next_aps_sr_pg6_1?ie=UTF8&adId=A09917431ABFGH7TNQOCU&url=%2FBarefoot-Quick-Dry-Outdoor-Athletic-Kayaking%2Fdp%2FB08CXGBD4B%2Fref%3Dsr_1_244_sspa%3Fkeywords%3Dnike%26qid%3D1652426212%26sr%3D8-244-spons%26psc%3D1&qualifier=1652426212&id=849493720083815&widgetName=sp_atf_next,"Water Shoes for Men Barefoot Quick-Dry Aqua Sock Outdoor Athletic Sport Shoes for Kayaking, Boating, Hiking, Surfing, Walking",$26.88,4.5,"12,200"
https://www.amazon.com/s?k=nike&page=6,6,nike,https://www.amazon.com/NIKE-Toddler-Shoes-Black-White/dp/B01MTO0XEY/ref=sr_1_251?keywords=nike&qid=1652426212&sr=8-251,Nike Free RN 2018 (TDV) Running Shoes,$37.95,4.4,165
https://www.amazon.com/s?k=nike&page=6,6,nike,https://www.amazon.com/Nike-Running-Black-Bright-Crimson/dp/B09NQRNX5X/ref=sr_1_252?keywords=nike&qid=1652426212&sr=8-252,Nike Mens Air Max 270 Running Shoes,$244.97,4.4,375
https://www.amazon.com/s?k=nike&page=6,6,nike,https://www.amazon.com/Nike-ZoomX-Invincible-Flyknit-Running/dp/B09SJZ38W3/ref=sr_1_253?keywords=nike&qid=1652426212&sr=8-253,Nike Mens ZoomX Invincible Run Flyknit Running Shoe,$173.98,3.2,6
https://www.amazon.com/s?k=nike&page=6,6,nike,https://www.amazon.com/Nike-Pullover-Training-Cu6214-071-Charcoal/dp/B08DFDQQC9/ref=sr_1_254?keywords=nike&qid=1652426212&sr=8-254,Nike Therma Men's Pullover Training Hoodie,$47.40,4.2,22
https://www.amazon.com/s?k=nike&page=6,6,nike,https://www.amazon.com/Nike-Womens-Metcon-Training-Cz0596-010/dp/B095Z2BMTF/ref=sr_1_256?keywords=nike&qid=1652426212&sr=8-256,Nike Womens Free Metcon 4 Training Sneakers Cz0596,$145.70,4.1,62
https://www.amazon.com/s?k=nike&page=6,6,nike,https://www.amazon.com/Unisex-Nike-Everyday-Cushion-Training/dp/B088DG9JLZ/ref=sr_1_257?keywords=nike&qid=1652426212&sr=8-257,Nike Everyday Max Cushioned Crew Socks (3 Pair),$28.22,5.0,5
https://www.amazon.com/s?k=nike&page=6,6,nike,https://www.amazon.com/Nike-Lightweight-Ankle-NN0659-U10-Months/dp/B09P5QGWYN/ref=sr_1_258?keywords=nike&qid=1652426212&sr=8-258,Nike Baby Lightweight Ankle Socks 6 Pack,$20.64,4.8,124
https://www.amazon.com/s?k=nike&page=6,6,nike,https://www.amazon.com/Nike-us_Footwear_Size_System-Numeric-Medium-Numeric_10_Point_5/dp/B09DBHH761/ref=sr_1_259?keywords=nike&qid=1652426212&sr=8-259,Nike GTS 97 Black/White Men's Retro Shoes,,,
https://www.amazon.com/s?k=nike&page=6,6,nike,https://www.amazon.com/Nike-Invincible-Flyknit-CT2229-101-Running/dp/B0988Z4K2J/ref=sr_1_260?keywords=nike&qid=1652426212&sr=8-260,Nike Women's ZoomX Invincible Run Flyknit Running Shoes Ct2229,$152.13,4.3,8
https://www.amazon.com/s?k=nike&page=6,6,nike,https://www.amazon.com/Nike-Womens-Dri-fit-Tempo-Medium/dp/B082JXM89P/ref=sr_1_261?keywords=nike&qid=1652426212&sr=8-261,"Nike Women's Dri-fit Tempo Track 3.5 Short (Medium, Black/Black/Wolf Grey)",$33.97,4.7,65
https://www.amazon.com/s?k=nike&page=6,6,nike,https://www.amazon.com/Nike-Youth-Elemental-Backpack-Watermelon/dp/B07RGMLDJ5/ref=sr_1_262?keywords=nike&qid=1652426212&sr=8-262,"Nike Youth Nike Elemental Backpack - Fall'19, Watermelon/Watermelon/(Valerian Blue), Misc",$54.95,4.6,929
https://www.amazon.com/s?k=nike&page=6,6,nike,https://www.amazon.com/NIKE-Womens-Classic-Cortez-Leather/dp/B01DYXQCPQ/ref=sr_1_263?keywords=nike&qid=1652426212&sr=8-263,Nike Women's Classic Cortez Leather Running Shoes,$109.95,4.6,"4,386"
https://www.amazon.com/s?k=nike&page=6,6,nike,https://www.amazon.com/Nike-Unisex-Everyday-Cushion-Medium/dp/B07FKDZPZW/ref=sr_1_264?keywords=nike&qid=1652426212&sr=8-264,"Nike Everyday Cushion Crew Training Socks, Unisex Nike Socks with Sweat-Wicking Technology and Impact Cushioning (3 Pair), White/Black, Medium",$20.80,4.7,"1,673"
https://www.amazon.com/s?k=nike&page=6,6,nike,https://www.amazon.com/Nike-Womens-Running-Black-Half-Blue-Hyper/dp/B07HB754JV/ref=sr_1_265?keywords=nike&qid=1652426212&sr=8-265,Nike Women's Track & Field Shoes,$139.97,4.2,"1,465"
https://www.amazon.com/s?k=nike&page=6,6,nike,https://www.amazon.com/Nike-Women%60s-Running-831558-601-Flamingo/dp/B07TKD34C1/ref=sr_1_266?keywords=nike&qid=1652426212&sr=8-266,Nike Women's Tempo Short,$36.56,4.6,19
https://www.amazon.com/s?k=nike&page=6,6,nike,https://www.amazon.com/Nike-Mens-T-Shirt-X-Large-Black/dp/B089NHF1VS/ref=sr_1_267?keywords=nike&qid=1652426212&sr=8-267,Nike Men's Just Do It Big Logo T-Shirt,$24.15,4.7,87
https://www.amazon.com/s?k=nike&page=6,6,nike,https://www.amazon.com/Nike-Girls-Running-Shorts-Medium/dp/B071JNKNBP/ref=sr_1_268?keywords=nike&qid=1652426212&sr=8-268,Nike Girls' Running,$35.00,4.3,44
https://www.amazon.com/s?k=nike&page=6,6,nike,https://www.amazon.com/gp/slredirect/picassoRedirect.html/ref=pa_sp_mtf_aps_sr_pg6_1?ie=UTF8&adId=A0798618DES67AU7RART&url=%2FNike-Nyjah-Sneakers-Summit-White%2Fdp%2FB08DSYZX18%2Fref%3Dsr_1_269_sspa%3Fkeywords%3Dnike%26qid%3D1652426212%26sr%3D8-269-spons%26psc%3D1%26smid%3DA29RMC3T65YEFQ&qualifier=1652426212&id=849493720083815&widgetName=sp_mtf,Nike mens Nyjah Free 2,$325.23,,
https://www.amazon.com/s?k=nike&page=6,6,nike,https://www.amazon.com/gp/slredirect/picassoRedirect.html/ref=pa_sp_mtf_aps_sr_pg6_1?ie=UTF8&adId=A06198143A6HWQ3E6LSR&url=%2FRanberone-Walking-Athletic-Running-Sneakers%2Fdp%2FB08FBYBTYT%2Fref%3Dsr_1_270_sspa%3Fkeywords%3Dnike%26qid%3D1652426212%26sr%3D8-270-spons%26psc%3D1&qualifier=1652426212&id=849493720083815&widgetName=sp_mtf,Ranberone Men's Walking Shoes Athletic Running Sneakers Casual Daily Shoes,$39.99,4.4,257
https://www.amazon.com/s?k=nike&page=6,6,nike,https://www.amazon.com/gp/slredirect/picassoRedirect.html/ref=pa_sp_mtf_aps_sr_pg6_1?ie=UTF8&adId=A0148211QQNCUAX7MKTM&url=%2FJSLEAP-Running-Walking-Athletic-Fashion%2Fdp%2FB08FY2LD7Q%2Fref%3Dsr_1_271_sspa%3Fkeywords%3Dnike%26qid%3D1652426212%26sr%3D8-271-spons%26psc%3D1&qualifier=1652426212&id=849493720083815&widgetName=sp_mtf,JSLEAP Mens Running Shoes Walking Non Slip Blade Type Sneakers,$27.59,4.2,"28,820"
https://www.amazon.com/s?k=nike&page=6,6,nike,https://www.amazon.com/Nike-Alumni-Fleece-Heather-AR2375-064/dp/B07DYQY21Z/ref=sr_1_272?keywords=nike&qid=1652426212&sr=8-272,Nike mens Nike Sportswear Alumni Fleece Shorts,$46.45,4.4,179
https://www.amazon.com/s?k=nike&page=6,6,nike,https://www.amazon.com/Nike-Everyday-Cushion-No-Show-Multi-color/dp/B07NGTGVJG/ref=sr_1_273?keywords=nike&qid=1652426212&sr=8-273,"Nike Men's Everyday Plus Cushion No-Show Socks (6 Pair), Multi-color (923), Size Large (8-12)",$33.88,4.6,48
https://www.amazon.com/s?k=nike&page=6,6,nike,https://www.amazon.com/Nike-Basketball-Shorts-Royal-AT3072/dp/B07ZHRQCGL/ref=sr_1_274?keywords=nike&qid=1652426212&sr=8-274,Nike Big Boy's (8-20) Dri-Fit Elite Stripe Basketball Shorts,$38.49,4.7,42
https://www.amazon.com/s?k=nike&page=6,6,nike,https://www.amazon.com/NIKE-Sportswear-Pullover-Hoodie-University/dp/B019DLSXIM/ref=sr_1_275?keywords=nike&qid=1652426212&sr=8-275,Men's Nike Sportswear Club Pullover Hoodie,$69.51,4.7,"2,419"
https://www.amazon.com/s?k=nike&page=6,6,nike,https://www.amazon.com/Nike-Mens-Short-Hybrid-Black/dp/B07DX3K1SP/ref=sr_1_276?keywords=nike&qid=1652426212&sr=8-276,Nike Men's Flex Short Hybrid,$75.94,4.6,391
https://www.amazon.com/s?k=nike&page=6,6,nike,https://www.amazon.com/Nike-Mens-Fastbreak-Short-BV9452-065/dp/B07TF3TYQB/ref=sr_1_277?keywords=nike&qid=1652426212&sr=8-277,"Nike Fastbreak 11"" Shorts Men's",$35.77,4.0,23
https://www.amazon.com/s?k=nike&page=6,6,nike,https://www.amazon.com/Nike-Pegasus-Trainers-Sneakers-Anthracite/dp/B08GJ44DG7/ref=sr_1_278?keywords=nike&qid=1652426212&sr=8-278,Nike Air Zoom Pegasus 37 Shield Mens Running Trainers Cq7935 Sneakers Shoes,$128.95,4.5,4
https://www.amazon.com/s?k=nike&page=6,6,nike,https://www.amazon.com/Nike-Womens-Reflective-Silver-X-Small/dp/B07FKGWXDP/ref=sr_1_283?keywords=nike&qid=1652426212&sr=8-283,Nike Women's Fast Crop,$40.00,4.6,350
https://www.amazon.com/s?k=nike&page=6,6,nike,https://www.amazon.com/Nike-Boys-White-University-Obsidian/dp/B08Q9SMQ3N/ref=sr_1_285?keywords=nike&qid=1652426212&sr=8-285,Nike Boy's Running Walking Shoe,$83.98,4.4,34
https://www.amazon.com/s?k=nike&page=6,6,nike,https://www.amazon.com/NIKE-Ultra-Celso-Sandal-Midnight/dp/B007MPBOLU/ref=sr_1_287?keywords=nike&qid=1652426212&sr=8-287,Nike Men's Ultra Celso Thong Sandals,$59.95,4.4,19
https://www.amazon.com/s?k=nike&page=6,6,nike,https://www.amazon.com/NIKE-Short-Sleeve-Swoosh-Medium/dp/B01HGN3UZK/ref=sr_1_288?keywords=nike&qid=1652426212&sr=8-288,NIKE Boys' Dry Short Sleeve Swoosh Solid Tee,$27.64,4.4,486
https://www.amazon.com/s?k=nike&page=6,6,nike,https://www.amazon.com/Nike-Womens-Basketball-White-Black/dp/B08Q9W3CTX/ref=sr_1_289?keywords=nike&qid=1652426212&sr=8-289,"Nike Women's Basketball Shoe, Black Blanco, 5",$130.39,5.0,3
https://www.amazon.com/s?k=nike&page=6,6,nike,https://www.amazon.com/Nike-Sportswear-T-Shirt-Shirt-Classic/dp/B07H4KSBJY/ref=sr_1_290?keywords=nike&qid=1652426212&sr=8-290,Men's Nike Sportswear Club T-Shirt,$38.79,4.6,"3,617"
https://www.amazon.com/s?k=nike&page=6,6,nike,https://www.amazon.com/Nike-Everyday-Cushion-Low-Cut-Training/dp/B07FKCRDS6/ref=sr_1_291?keywords=nike&qid=1652426212&sr=8-291,Nike Everyday Plus Cushion Low Socks 6-Pair Pack,$27.77,4.7,"1,429"
https://www.amazon.com/s?k=nike&page=6,6,nike,https://www.amazon.com/Nike-Sportswear-Fleece-Pants-CU9223-010/dp/B08X1VSZX3/ref=sr_1_292?keywords=nike&qid=1652426212&sr=8-292,Nike Big Kids' (Boys') Sportswear Tech Fleece Full-Zip Hoodie,$128.88,3.4,10
https://www.amazon.com/s?k=nike&page=6,6,nike,https://www.amazon.com/NIKE-Basketball-Shorts-Black-X-Large/dp/B071KNYWHG/ref=sr_1_294?keywords=nike&qid=1652426212&sr=8-294,NIKE Men's HBR Basketball Shorts,$47.00,4.4,"1,727"
https://www.amazon.com/s?k=nike&page=6,6,nike,https://www.amazon.com/Nike-Space-Hippie-04/dp/B0946JLX3L/ref=sr_1_295?keywords=nike&qid=1652426212&sr=8-295,Nike Space Hippie 04 Mens Shoes,$88.26,4.4,21
https://www.amazon.com/s?k=nike&page=6,6,nike,https://www.amazon.com/gp/slredirect/picassoRedirect.html/ref=pa_sp_btf_aps_sr_pg6_1?ie=UTF8&adId=A0995939RLEBC4IN54LG&url=%2FCasbeam-Comfortable-Lightweight-Breathable-Sneakers%2Fdp%2FB085XMYMKZ%2Fref%3Dsr_1_296_sspa%3Fkeywords%3Dnike%26qid%3D1652426212%26sr%3D8-296-spons%26psc%3D1&qualifier=1652426212&id=849493720083815&widgetName=sp_btf,Casbeam Men's Running Knit Comfortable Lightweight Breathable Casual Sports Shoes Fashion Sneakers Slip-On Walking Shoes,$32.99,4.4,"1,507"
https://www.amazon.com/s?k=nike&page=6,6,nike,https://www.amazon.com/gp/slredirect/picassoRedirect.html/ref=pa_sp_btf_aps_sr_pg6_1?ie=UTF8&adId=A01627923K5VVU883EBLV&url=%2FNike-GS-AIR-Pant-BV3598-010%2Fdp%2FB07RWKK9T6%2Fref%3Dsr_1_297_sspa%3Fkeywords%3Dnike%26qid%3D1652426212%26sr%3D8-297-spons%26psc%3D1&qualifier=1652426212&id=849493720083815&widgetName=sp_btf,Nike B AIR Pant,$38.00,5.0,4
https://www.amazon.com/s?k=nike&page=7,7,nike,https://www.amazon.com/gp/slredirect/picassoRedirect.html/ref=pa_sp_atf_next_aps_sr_pg7_1?ie=UTF8&adId=A07673951DL4BJJA77Y0L&url=%2Fadidas-Womens-Adizero-Ubersonic-Sneaker%2Fdp%2FB07S38992H%2Fref%3Dsr_1_291_sspa%3Fkeywords%3Dnike%26qid%3D1652426213%26sr%3D8-291-spons%26psc%3D1%26smid%3DA263QXX4PPKZ8V&qualifier=1652426213&id=3618844025589106&widgetName=sp_atf_next,adidas Unisex-Adult Adizero Ubersonic 3 w Tennis Shoe,$119.99,4.4,839
https://www.amazon.com/s?k=nike&page=7,7,nike,https://www.amazon.com/gp/slredirect/picassoRedirect.html/ref=pa_sp_atf_next_aps_sr_pg7_1?ie=UTF8&adId=A01839963L5YF712PX12R&url=%2FAthletic-Sneakers-Lightweight-Workout-Walking%2Fdp%2FB09L4WKR44%2Fref%3Dsr_1_292_sspa%3Fkeywords%3Dnike%26qid%3D1652426213%26sr%3D8-292-spons%26psc%3D1&qualifier=1652426213&id=3618844025589106&widgetName=sp_atf_next,STQ Women's Athletic Walking Shoes Lightweight Mesh Tennis Sport Sneakers,$29.89,4.3,"9,631"
https://www.amazon.com/s?k=nike&page=7,7,nike,https://www.amazon.com/Nike-Elite-Basketball-Backpack-nkBA6164/dp/B098L2D843/ref=sr_1_298?keywords=nike&qid=1652426213&sr=8-298,Nike Elite Pro Basketball Backpack nkBA6164 014,,4.8,7
https://www.amazon.com/s?k=nike&page=7,7,nike,https://www.amazon.com/Nike-Hoodie-Black-White-Small/dp/B07KD9PNNP/ref=sr_1_305?keywords=nike&qid=1652426213&sr=8-305,NIKE Sportswear Boys' Club Pullover Hoodie,$39.19,4.3,"3,062"
https://www.amazon.com/s?k=nike&page=7,7,nike,https://www.amazon.com/Nike-Backpack-Gridiron-Neptune-Green/dp/B07TJ91GWK/ref=sr_1_306?keywords=nike&qid=1652426213&sr=8-306,Nike SB RPM BackPack,$109.97,4.8,45
https://www.amazon.com/s?k=nike&page=7,7,nike,https://www.amazon.com/Nike-Mens-Excee-Running-Black/dp/B07T7K5C41/ref=sr_1_307?keywords=nike&qid=1652426213&sr=8-307,Nike Men's Cross Trainers,$130.95,4.3,"3,408"
https://www.amazon.com/s?k=nike&page=7,7,nike,https://www.amazon.com/Nike-Hydrastrong-Solid-Cut-Out-Piece/dp/B083TGTQLN/ref=sr_1_308?keywords=nike&qid=1652426213&sr=8-308,Nike Swim Women's Hydrastrong Solid Cutout One Piece,$58.79,,
https://www.amazon.com/s?k=nike&page=7,7,nike,https://www.amazon.com/Dri-Fit-Everyday-Cotton-Cushioned-SX6888-010/dp/B07PX3MMM7/ref=sr_1_309?keywords=nike&qid=1652426213&sr=8-309,NIKE Dri-Fit Everyday Plus Cotton Cushioned Crew Socks Black/White SX6888-010 (Medium),$25.99,4.8,59
https://www.amazon.com/s?k=nike&page=7,7,nike,https://www.amazon.com/Nike-Utility-Training-Backpack-CK2668-010/dp/B07YHB5XVX/ref=sr_1_310?keywords=nike&qid=1652426213&sr=8-310,Nike Utility Speed Training Backpack CK2668-010 Black,$109.99,4.7,123
https://www.amazon.com/s?k=nike&page=7,7,nike,https://www.amazon.com/gp/slredirect/picassoRedirect.html/ref=pa_sp_mtf_aps_sr_pg7_1?ie=UTF8&adId=A070018435DG6HX7YTA1G&url=%2FNike-Training-Gymnastics-Black-Numeric_13%2Fdp%2FB08TV81Z3W%2Fref%3Dsr_1_311_sspa%3Fkeywords%3Dnike%26qid%3D1652426213%26sr%3D8-311-spons%26psc%3D1%26smid%3DA6H804HARHQ2S&qualifier=1652426213&id=3618844025589106&widgetName=sp_mtf,"Nike Men's Training Gymnastics Shoe (Black/White, Numeric_13)",$35.99,,
https://www.amazon.com/s?k=nike&page=7,7,nike,https://www.amazon.com/gp/slredirect/picassoRedirect.html/ref=pa_sp_mtf_aps_sr_pg7_1?ie=UTF8&adId=A0643788PJRZT5RJCH8A&url=%2FNike-Fear-God-Black-Fossil%2Fdp%2FB07TGSK4N3%2Fref%3Dsr_1_313_sspa%3Fkeywords%3Dnike%26qid%3D1652426213%26sr%3D8-313-spons%26psc%3D1&qualifier=1652426213&id=3618844025589106&widgetName=sp_mtf,Nike Air Fear of God Moccasin (Pure,$171.48,4.5,29
https://www.amazon.com/s?k=nike&page=7,7,nike,https://www.amazon.com/gp/slredirect/picassoRedirect.html/ref=pa_sp_btf_aps_sr_pg7_1?ie=UTF8&adId=A0860280Z0IPR5RKD8RK&url=%2FNike-Revolution-Flyease-Bq3211-001-Anthracite%2Fdp%2FB07Q31Y85F%2Fref%3Dsr_1_314_sspa%3Fkeywords%3Dnike%26qid%3D1652426213%26sr%3D8-314-spons%26psc%3D1%26smid%3DA34UQ7FF8XTON5&qualifier=1652426213&id=3618844025589106&widgetName=sp_btf,NIKE Women's Mid-Top Running Shoe,$89.67,4.4,"1,779"
